create database game;

use game;

create table AssetAllocation(
asset varchar(250),
location varchar(250),
value int,
life int,
acode varchar(250),
primary key(acode)
);

insert into AssetAllocation
values("Heavy Machinery","Mumbai",200000,10,"A1"),
("Heavy Machinery","Germany",300000,10,"A16"),
("Heat Exchanger","Mumbai",200000,5,"A2"),
("Heat Exchanger","San Fransisco",600000,5,"A47"),
("Pipelines","Manila",400000,10,"A33"),
("Pipelines","Gulf of Mexico",400000,10,"A78"),
("Pipelines","Tokyo",400000,10,"A93"),
("Property(Office Locations)","Mumbai",700000,10,"A4"),
("Property(Office Locations)","Germany",500000,10,"A19"),
("Property(Office Locations)","Manila",400000,10,"A34"),
("Property(Office Locations)","San Fransisco",800000,10,"A49"),
("Property(Office Locations)","Calgary",1000000,10,"A64"),
("Property(Office Locations)","Gulf of Mexico",500000,10,"A79"),
("Property(Office Locations)","Tokyo",300000,10,"A94"),
("Property(Office Locations)","Carribean Islands",400000,10,"A109"),
("Property(Office Locations)","Texas",1200000,10,"A124"),
("Manufacturing Plants","Germany",500000,10,"A20"),
("Manufacturing Plants","Texas",300000,10,"A125"),
("Warehouse & Cold Storage","Mumbai",400000,5,"A6"),
("Warehouse & Cold Storage","Manila",300000,5,"A36"),
("Warehouse & Cold Storage","Gulf of Mexico",200000,5,"A81"),
("Hotels & Resorts","Mumbai",800000,10,"A7"),
("Hotels & Resorts","Germany",1000000,10,"A22"),
("Hotels & Resorts","Calgary",1100000,10,"A67"),
("Hotels & Resorts","Texas",100000,10,"A127"),
("Supermarkets & Malls","Mumbai",300000,5,"A8"),
("Supermarkets & Malls","Germany",300000,5,"A23"),
("Supermarkets & Malls","Manila",500000,5,"A38"),
("Supermarkets & Malls","San Fransisco",500000,5,"A53"),
("Supermarkets & Malls","Calgary",300000,5,"A68"),
("Supermarkets & Malls","Gulf of Mexico",300000,5,"A83"),
("Supermarkets & Malls","Tokyo",300000,5,"A98"),
("Supermarkets & Malls","Carribean Islands",600000,5,"A113"),
("Supermarkets & Malls","Texas",300000,5,"A128"),
("Mines","Mumbai",300000,10,"A9"),
("Mines","San Fransisco",300000,10,"A54"),
("Mines","Calgary",300000,10,"A69"),
("Mines","Tokyo",300000,10,"A99"),
("Power Plants","Mumbai",400000,5,"A10"),
("Power Plants","Germany",300000,5,"A25"),
("Power Plants","Manila",300000,5,"A40"),
("Power Plants","San Fransisco",500000,5,"A55"),
("Oil Refineries","Mumbai",1000000,10,"A11"),
("Oil Refineries","Calgary",1000000,10,"A71"),
("Oil Refineries","Texas",1000000,10,"A131"),
("Telecom Towers","Mumbai",500000,4,"A12"),
("Telecom Towers","Calgary",500000,4,"A72"),
("Telecom Towers","Texas",500000,4,"A132"),
("Aircrafts","Mumbai",200000,5,"A13"),
("Aircrafts","Germany",400000,5,"A28"),
("Aircrafts","Manila",500000,5,"A43"),
("Aircrafts","San Fransisco",200000,5,"A58"),
("Aircrafts","Calgary",200000,5,"A73"),
("Aircrafts","Gulf of Mexico",500000,5,"A88"),
("Aircrafts","Tokyo",200000,5,"A103"),
("Aircrafts","Carribean Islands",600000,5,"A118"),
("Aircrafts","Texas",200000,5,"A133"),
("Ships & Cargo","Mumbai",300000,5,"A14"),
("Fleets & Cars","Mumbai",200000,4,"A15"),
("Fleets & Cars","Germany",200000,4,"A30"),
("Fleets & Cars","Manila",300000,4,"A45"),
("Fleets & Cars","San Fransisco",400000,4,"A60"),
("Fleets & Cars","Calgary",200000,4,"A75"),
("Fleets & Cars","Gulf of Mexico",600000,4,"A90"),
("Fleets & Cars","Tokyo",400000,4,"A105"),
("Fleets & Cars","Carribean Islands",200000,4,"A120"),
("Fleets & Cars","Texas",200000,4,"A135")
;





CREATE TABLE ProbabilityDistribution (
    `Risk_Events` VARCHAR(250),
    `Probability` NUMERIC(3, 2),
    `1914` INT,
    `1915` INT,
    `1916` INT,
    `1917` INT,
    `1918` INT,
    `1919` INT,
    `1920` INT,
    `1921` INT,
    `1922` INT,
    `1923` INT,
    `1924` INT,
    `1925` INT,
    `1926` INT,
    `1927` INT,
    `1928` INT,
    `1929` INT,
    `1930` INT,
    `1931` INT,
    `1932` INT,
    `1933` INT,
    `1934` INT,
    `1935` INT,
    `1936` INT,
    `1937` INT,
    `1938` INT,
    `1939` INT,
    `1940` INT,
    `1941` INT,
    `1942` INT,
    `1943` INT,
    `1944` INT,
    `1945` INT,
    `1946` INT,
    `1947` INT,
    `1948` INT,
    `1949` INT,
    `1950` INT,
    `1951` INT,
    `1952` INT,
    `1953` INT,
    `1954` INT,
    `1955` INT,
    `1956` INT,
    `1957` INT,
    `1958` INT,
    `1959` INT,
    `1960` INT,
    `1961` INT,
    `1962` INT,
    `1963` INT,
    `1964` INT,
    `1965` INT,
    `1966` INT,
    `1967` INT,
    `1968` INT,
    `1969` INT,
    `1970` INT,
    `1971` INT,
    `1972` INT,
    `1973` INT,
    `1974` INT,
    `1975` INT,
    `1976` INT,
    `1977` INT,
    `1978` INT,
    `1979` INT,
    `1980` INT,
    `1981` INT,
    `1982` INT,
    `1983` INT,
    `1984` INT,
    `1985` INT,
    `1986` INT,
    `1987` INT,
    `1988` INT,
    `1989` INT,
    `1990` INT,
    `1991` INT,
    `1992` INT,
    `1993` INT,
    `1994` INT,
    `1995` INT,
    `1996` INT,
    `1997` INT,
    `1998` INT,
    `1999` INT,
    `2000` INT,
    `2001` INT,
    `2002` INT,
    `2003` INT,
    `2004` INT,
    `2005` INT,
    `2006` INT,
    `2007` INT,
    `2008` INT,
    `2009` INT,
    `2010` INT,
    `2011` INT,
    `2012` INT,
    `2013` INT
);
INSERT INTO ProbabilityDistribution VALUES ('Flood-Mumbai',0.17,1,0,0,0,0,0,0,0,1,0,0,0,1,0,0,0,0,0,1,0,0,0,0,0,0,0,0,0,0,0,0,0,0,0,0,0,0,0,0,0,0,0,0,1,0,0,0,1,0,0,1,0,0,0,1,0,0,0,1,0,0,0,0,0,1,0,0,0,0,0,0,1,1,0,0,1,0,0,0,1,0,0,0,0,0,1,0,0,0,0,0,0,0,0,0,1,0,0,1,0),
	('Earthquake-Mumbai',0.2,0,0,0,1,0,0,0,0,0,1,1,1,0,0,0,0,0,1,1,0,1,0,0,1,0,0,0,0,0,1,0,0,0,0,1,0,0,0,1,1,0,0,0,0,1,0,1,1,0,1,0,1,0,0,0,0,0,0,0,0,0,0,0,0,0,1,0,0,0,0,0,0,0,0,0,0,1,0,0,0,1,0,1,1,0,1,0,1,0,0,0,0,0,0,0,0,0,0,0,1),
	('Fire-Mumbai',0.2,0,0,0,1,0,0,1,0,0,0,0,0,0,0,0,0,0,0,0,1,1,1,0,0,0,0,0,0,0,0,0,0,0,0,0,1,0,1,0,1,0,0,0,0,0,1,0,0,0,0,0,1,1,0,0,0,0,0,0,0,0,0,0,1,0,0,1,1,0,1,0,1,1,0,0,0,0,0,0,0,0,0,0,0,0,0,0,0,0,0,1,1,0,0,0,1,0,0,0,0),
	('Terror Attack-Mumbai',NULL,0,0,0,0,0,0,0,1,0,0,0,0,0,0,0,0,0,0,0,0,0,0,0,0,0,0,0,0,0,0,0,0,0,0,0,0,0,0,0,0,0,0,0,0,0,0,0,0,0,0,0,0,0,0,0,0,0,0,0,0,0,0,0,0,0,0,0,0,0,0,0,0,0,0,0,0,0,0,0,0,0,0,0,0,0,0,0,1,0,0,0,0,0,0,0,0,0,1,0,1),
	('Typhoon-Mumbai',0.3,0,0,1,0,0,1,0,0,0,0,1,0,0,0,0,0,0,0,0,0,1,0,0,0,1,1,1,0,0,0,0,0,0,0,0,0,0,0,1,0,0,0,0,1,0,1,1,0,0,1,1,0,1,0,0,0,0,0,0,0,0,0,0,1,0,0,0,0,0,0,1,0,1,1,0,0,1,0,0,0,1,1,0,0,1,0,0,0,0,0,1,0,1,0,1,0,1,0,0,0),
	('Thunderstorms, Tornados & Hail-Mumbai',0.15,0,0,0,0,0,0,1,0,0,0,1,0,0,0,0,0,0,0,1,0,0,0,0,0,0,0,0,0,0,0,0,0,1,0,0,0,1,1,0,0,0,1,1,0,0,0,0,1,0,0,0,0,0,0,0,0,0,0,0,0,1,0,0,0,0,0,0,0,0,0,0,0,0,0,0,0,0,0,0,0,0,0,0,0,0,0,1,0,0,1,0,0,0,0,0,0,0,1,0,0),
	('Tsunami-Mumbai',0.14,0,0,0,0,0,1,0,1,1,0,0,1,0,0,0,0,0,0,0,0,0,1,0,0,1,0,0,0,0,0,0,0,1,0,0,0,0,0,0,0,0,0,0,0,0,0,0,0,0,0,0,0,0,0,0,0,0,1,0,0,0,0,1,0,0,0,0,0,0,0,1,0,0,0,0,0,0,1,1,0,0,0,0,0,0,0,0,1,1,0,0,0,0,0,0,0,0,1,0,0),
	('Hurricane-Typhoon -Germany',0.15,0,0,1,0,0,0,0,1,0,0,0,0,1,0,0,0,0,0,0,0,0,0,0,0,0,0,0,0,0,1,0,0,1,1,0,1,0,0,0,0,1,0,0,0,0,0,0,1,0,0,0,0,0,0,0,0,0,0,0,1,0,0,0,0,0,0,0,0,0,0,0,0,0,0,0,0,0,1,0,0,0,0,0,0,0,0,0,0,1,1,0,0,0,0,0,0,1,0,0,0),
	('Earthquake-Germany',0.1,0,0,0,0,0,0,0,0,0,0,0,0,0,1,1,0,0,0,0,0,0,0,0,0,0,0,0,1,0,1,0,0,0,0,0,0,0,0,0,0,0,0,0,0,0,0,0,0,0,0,1,0,0,0,0,0,0,0,1,0,0,0,0,0,1,0,0,0,0,0,1,0,0,0,0,0,0,0,0,0,0,0,0,0,0,0,0,0,0,0,0,0,0,0,0,0,0,0,0,0),
	('Fire-Germany',0.25,0,0,0,0,0,0,0,1,0,0,1,0,0,0,1,0,0,0,0,0,0,0,0,0,0,0,0,0,0,1,0,0,0,0,0,0,0,1,0,0,0,1,0,0,0,0,0,1,0,0,0,1,0,0,0,0,0,0,0,0,0,1,1,0,0,0,0,0,0,0,0,1,0,0,0,1,0,1,1,0,0,1,0,0,0,1,0,0,0,0,1,0,0,1,0,1,1,0,1,1),
	('Thunderstorms, Tornados & Hail-Germany',0.3,1,0,0,0,0,0,0,1,1,0,1,0,1,0,0,0,1,0,0,0,0,0,1,0,0,0,0,1,0,0,0,1,0,1,0,0,0,0,1,1,1,1,0,0,0,1,0,1,1,0,1,1,1,1,0,0,0,1,0,0,0,0,0,0,1,1,1,1,0,0,1,1,0,0,0,0,0,1,0,1,0,0,0,0,0,0,0,1,0,1,0,0,0,1,0,1,1,1,0,0),
	('Hurricane-Typhoon -Manila',0.2,0,1,0,1,0,0,0,0,1,0,1,0,0,0,0,0,0,0,0,0,0,0,0,1,1,0,0,1,0,1,0,1,0,0,0,0,0,0,0,0,0,0,1,0,0,0,0,0,0,0,0,1,0,0,0,1,0,0,0,0,0,1,0,1,1,1,0,0,0,0,0,0,1,1,1,0,1,0,0,0,0,0,1,0,1,1,0,0,0,0,0,1,1,1,1,0,0,1,0,0),
	('Earthquake-Manila',0.1,0,0,0,1,0,0,0,1,0,0,0,0,0,0,0,0,0,0,0,1,0,0,0,0,0,0,0,0,1,0,0,0,0,0,0,0,0,0,0,0,0,0,0,0,0,0,0,0,0,0,0,0,0,0,0,0,0,0,0,0,0,0,0,0,0,1,0,0,0,0,0,0,1,0,0,1,0,0,1,0,1,0,0,1,0,0,0,0,0,0,0,0,0,0,0,0,0,0,0,0),
	('Fire-Manila',0.4,0,1,0,0,0,1,0,0,1,1,0,1,0,1,1,0,0,1,1,1,1,0,0,0,0,1,1,1,0,1,1,0,0,0,0,0,1,0,1,0,0,1,0,1,0,0,1,1,0,1,0,1,0,0,0,0,0,0,0,0,1,1,0,1,0,1,0,0,0,0,0,0,1,0,0,0,1,0,0,0,0,1,0,0,1,0,1,1,1,0,0,0,1,1,1,0,0,0,0,0),
	('Thunderstorms, Tornados & Hail-San Francisco',0.18,0,0,0,0,0,0,1,0,0,0,0,0,1,0,0,0,0,0,0,0,0,0,1,0,0,0,0,0,0,1,0,0,0,0,0,0,0,0,0,0,1,1,0,1,0,0,0,1,0,0,0,0,0,0,0,0,1,0,1,0,0,0,0,1,0,0,0,0,0,0,0,0,0,1,0,0,0,0,0,0,0,0,1,0,1,0,0,1,1,0,0,0,0,1,0,0,0,0,0,0),
	('Hurricane-Typhoon -San Francisco',0.26,0,1,1,1,0,0,0,0,1,0,0,1,0,1,0,0,1,0,0,0,1,0,0,1,1,1,0,0,0,1,0,0,0,0,0,1,1,0,1,0,1,0,0,0,0,0,0,1,0,0,0,0,1,0,0,0,0,0,0,0,0,0,0,0,0,0,0,0,0,0,1,0,0,0,0,0,0,0,0,0,1,0,1,0,0,0,0,0,0,1,0,0,0,1,0,0,0,0,0,0),
	('Earthquake-San Francisco',0.15,0,1,0,0,0,0,0,0,1,0,0,0,0,0,0,0,0,0,0,0,0,0,1,0,0,0,0,0,0,0,0,0,0,0,0,0,0,0,0,1,0,0,0,0,0,0,0,0,0,1,0,1,0,1,0,0,0,0,0,0,0,0,1,1,0,0,0,0,1,0,0,0,0,0,0,0,0,0,0,1,0,0,0,1,0,1,0,0,0,0,0,1,0,0,0,0,0,0,0,0),
	('Thunderstorms, Tornados & Hail-Calgary',0.25,0,0,0,0,0,0,0,1,1,0,0,0,0,0,0,0,0,1,0,1,0,0,0,1,0,0,0,0,0,1,1,0,0,1,0,0,0,0,1,1,1,1,1,0,0,0,0,0,1,0,0,0,0,1,0,0,0,0,1,1,0,1,0,0,0,0,0,1,0,0,0,0,0,1,1,1,0,0,0,0,0,0,1,1,0,1,1,1,0,0,1,1,0,0,0,1,0,0,1,0),
	('Hurricane-Typhoon -Calgary',0.2,0,0,0,0,0,0,1,0,1,0,0,0,0,1,0,0,1,0,1,0,0,0,0,1,1,0,1,0,1,0,0,1,0,0,0,0,1,0,0,1,0,0,0,1,0,0,0,0,0,1,1,0,1,0,1,0,0,0,0,0,0,0,0,1,0,0,1,0,0,1,0,1,1,0,1,0,0,0,0,0,0,0,0,0,0,0,0,0,0,0,0,0,0,0,0,0,0,1,0,0),
	('Earthquake-Calgary',0.1,0,0,0,0,0,0,0,1,0,0,0,0,1,0,0,0,0,0,0,0,0,0,0,0,0,0,1,1,0,0,0,0,0,0,0,0,0,0,0,1,0,0,0,0,1,0,0,1,0,1,0,0,0,1,0,0,0,0,0,0,0,0,0,0,0,0,0,0,0,0,0,0,0,0,0,0,0,0,0,0,0,0,0,1,0,0,0,0,0,0,0,0,0,0,0,0,0,0,0,0),
	('Thunderstorms, Tornados & Tropical storms-Gulf of Mexico',0.17,0,0,1,0,0,0,0,1,0,0,0,0,0,0,0,1,0,1,0,0,0,0,0,1,0,0,0,0,0,0,0,0,0,0,0,0,0,1,0,0,0,0,0,0,1,0,0,0,0,1,0,0,0,0,1,1,0,0,0,0,0,0,0,0,1,0,0,0,0,0,0,1,0,0,0,0,0,0,0,0,0,0,1,0,0,0,0,0,0,0,0,0,0,0,0,0,1,1,0,1),
	('Hurricane-Typhoon -Gulf of Mexico',0.24,1,1,1,0,0,1,0,0,0,1,1,1,0,0,1,0,0,0,0,0,0,0,0,1,0,0,0,0,0,0,0,1,0,0,1,0,0,0,0,0,0,1,0,1,0,1,0,0,0,0,0,0,1,1,0,0,0,0,0,0,1,0,0,1,0,1,0,1,1,0,1,0,0,0,0,0,1,0,0,0,0,1,0,0,0,0,1,1,0,1,0,0,0,1,1,0,0,0,0,1),
	('Earthquake-Gulf of Mexico',0.1,1,0,0,0,0,0,0,0,0,0,0,0,0,0,0,0,0,0,0,0,0,0,1,0,0,0,0,0,0,0,0,0,0,0,0,0,0,0,1,0,0,0,0,0,0,0,1,0,0,0,0,0,0,1,0,0,0,0,0,1,0,0,0,0,0,0,0,0,0,0,0,0,0,0,0,0,0,0,0,1,0,0,0,0,0,0,0,0,0,0,0,0,0,0,0,0,0,0,0,0),
	('Thunderstorms, Tornados & Hail-Tokyo',0.25,1,1,1,0,0,0,0,0,0,1,1,1,0,1,0,0,1,0,0,0,0,0,0,1,1,0,0,1,0,0,0,0,0,0,0,0,0,1,0,1,0,1,0,0,1,0,0,0,0,1,0,0,1,0,0,0,0,0,0,1,1,0,0,1,0,0,0,0,0,0,0,0,0,0,0,1,0,1,0,0,0,0,0,1,0,0,1,0,0,1,1,1,0,1,0,0,0,0,1,0),
	('Hurricane-Typhoon -Tokyo',0.2,0,0,0,0,0,0,1,1,0,0,0,0,0,0,0,0,1,1,0,1,0,1,0,0,0,0,0,1,0,0,0,0,0,0,0,1,1,0,1,0,0,1,0,0,0,1,0,1,0,0,0,0,1,0,1,0,0,0,1,0,0,0,0,0,0,1,0,0,1,0,0,0,0,0,0,1,0,0,0,1,0,0,0,1,0,0,1,0,0,1,0,1,0,0,0,1,0,1,0,0),
	('Earthquake-Tokyo',0.3,1,1,1,1,0,0,0,0,0,0,0,0,0,0,0,1,0,1,0,0,1,1,1,1,0,0,1,0,0,0,0,0,0,0,0,0,1,0,1,0,1,0,0,0,0,1,0,1,1,0,0,0,0,0,0,0,0,0,0,1,0,1,1,1,1,1,1,0,0,0,0,0,0,0,1,1,1,0,0,0,0,0,1,0,0,1,1,1,0,1,0,0,0,0,1,0,0,0,1,1),
	('Fire-Tokyo',0.22,0,0,0,1,0,0,0,0,0,1,0,0,0,1,1,0,0,1,1,1,1,0,1,1,0,0,0,0,0,0,0,1,1,0,0,1,1,1,1,0,0,0,0,0,0,0,0,0,0,0,1,0,0,0,0,1,0,0,0,1,0,1,0,0,1,0,1,1,0,0,0,0,0,1,1,0,0,0,0,0,1,1,0,0,1,0,0,1,0,0,0,0,1,0,0,1,1,0,1,0),
	('Tropical Storm-Tokyo',0.1,0,0,0,0,0,1,0,0,0,0,0,0,0,0,0,0,0,0,0,0,0,0,0,0,0,0,0,0,0,0,0,0,0,1,0,0,0,0,0,0,0,1,1,0,0,0,0,0,0,0,0,1,0,0,0,0,0,0,0,0,0,0,0,0,0,1,0,0,0,0,0,1,0,0,0,0,0,0,0,0,0,0,0,0,0,0,1,0,0,0,0,0,0,0,0,0,0,0,0,0),
	('Thunderstorms, Tornados & Tropical storms-Caribbean Islands',0.15,0,1,0,0,0,0,0,0,0,0,0,0,0,0,0,0,0,1,0,0,0,0,1,0,0,0,1,0,0,0,0,0,0,0,0,0,0,0,1,0,0,0,0,0,0,0,1,0,0,0,0,1,0,0,0,0,1,0,0,0,0,0,0,0,0,0,0,0,0,0,0,0,0,0,0,0,0,0,0,0,0,0,0,0,0,0,0,1,0,0,1,0,0,0,0,0,0,0,1,0),
	('Earthquake-Caribbean Islands',0.25,0,0,0,0,0,0,0,0,0,1,0,0,1,1,0,0,0,1,0,1,1,0,0,1,0,1,1,1,0,0,1,1,0,0,0,1,0,1,0,0,0,1,0,1,0,0,0,1,0,0,0,0,1,0,0,0,1,0,1,0,0,0,1,0,0,0,0,0,0,0,1,0,1,0,1,0,0,0,0,1,0,0,0,0,0,0,0,1,0,0,0,0,0,0,1,0,1,0,0,0),
	('Thunderstorms, Tornados & Hail-Caribbean Islands',0.22,1,0,0,0,0,0,0,0,0,1,1,0,0,0,0,0,0,0,0,1,1,0,0,1,1,0,0,0,0,0,1,0,1,0,0,0,1,0,0,0,0,0,0,0,0,0,0,0,0,0,0,0,1,1,0,0,0,0,0,0,0,1,0,1,1,0,0,0,0,1,0,0,0,0,0,0,0,0,0,0,1,1,1,0,0,0,0,1,1,1,0,0,0,0,1,0,1,0,0,0),
	('Hurricane-Typhoon -Caribbean Islands',0.15,0,0,1,0,0,0,0,1,0,0,0,1,0,1,0,0,0,0,0,0,0,0,0,0,0,1,0,0,0,0,1,0,0,0,0,0,0,0,0,0,0,1,0,0,0,1,1,0,0,0,0,0,0,0,0,0,0,0,0,0,0,1,0,0,0,0,0,1,1,0,0,1,0,0,0,0,0,0,0,0,0,0,0,0,0,0,1,0,0,0,0,0,0,0,0,0,0,0,1,0),
	('Fire-Caribbean Islands',0.14,0,0,0,1,0,0,0,0,0,0,0,0,0,0,0,0,0,0,0,0,0,0,0,0,0,0,1,0,0,0,0,0,0,0,0,0,1,0,0,0,0,0,0,0,0,0,1,0,0,0,0,0,0,1,0,0,0,0,0,0,0,1,0,0,1,0,0,0,0,0,0,0,0,0,0,0,1,0,0,0,0,0,0,0,1,0,1,0,0,0,0,0,1,0,0,0,0,0,0,0),
	('Tropical Storm-Caribbean Islands',0.14,0,0,0,0,1,0,0,0,0,0,1,0,0,0,0,0,0,0,0,0,0,1,0,0,0,0,0,0,0,0,0,1,0,0,0,1,0,0,0,1,1,0,0,0,0,0,0,0,0,0,0,0,0,0,0,1,1,0,0,0,0,0,0,0,0,0,0,0,0,0,1,0,0,0,0,0,0,0,0,1,0,0,0,0,0,0,0,0,0,0,0,0,1,0,1,0,0,0,0,0),
	('Earthquake-Texas',0.22,0,1,1,0,0,0,0,0,0,0,0,0,0,0,1,0,0,0,0,1,0,0,0,0,1,1,0,0,0,0,1,0,0,0,1,0,0,0,0,0,1,0,0,0,0,0,0,1,1,0,1,1,1,0,0,0,0,1,0,0,0,0,0,0,0,0,0,0,0,0,0,0,1,0,0,0,0,0,1,1,1,0,0,0,0,0,0,0,0,0,0,1,0,0,0,0,0,0,0,0),
	('Thunderstorms, Tornados & Hail-Texas',0.15,0,0,0,0,1,0,0,0,0,0,0,0,0,0,0,0,0,0,0,0,0,1,0,0,0,1,0,1,0,0,0,1,0,0,0,0,0,1,0,0,0,0,0,0,0,0,0,0,0,1,0,0,0,0,0,0,0,0,1,0,0,0,0,0,0,0,0,0,0,0,0,1,0,0,1,0,0,0,0,0,0,1,0,0,0,0,0,0,0,0,0,0,0,0,0,0,0,0,0,0),
	('Hurricane-Typhoon -Texas',0.16,0,0,0,0,1,0,0,0,0,0,0,0,0,0,0,0,0,0,0,0,0,0,0,0,1,0,0,0,1,1,0,0,0,0,0,0,1,0,0,0,0,0,0,0,0,0,0,0,1,0,0,0,1,0,1,0,0,1,0,0,0,0,0,0,0,0,0,0,0,0,1,0,0,0,0,0,0,0,0,0,0,0,0,0,0,1,0,1,1,0,0,0,0,1,0,1,0,1,0,1);

drop table PerilSheet;

CREATE TABLE PerilSheet (
    Policy_Code VARCHAR(4),
    Policy_Desciption_Perils_covered VARCHAR(250),
    Asset VARCHAR(4),
    Asset_Name VARCHAR(250),
    primary key(Policy_Code)
);
INSERT INTO PerilSheet VALUES ('P1','Flood-Mumbai','A1','Heavy Machinery-Mumbai'),
('P2','Earthquake-Mumbai','A1','Heavy Machinery-Mumbai'),
('P3','Fire-Mumbai','A1','Heavy Machinery-Mumbai'),
('P4','Typhoon-Mumbai','A1','Heavy Machinery-Mumbai'),
('P5','Thunderstorms, Tornados & Hail-Mumbai','A1','Heavy Machinery-Mumbai'),
('P6','Tsunami-Mumbai','A1','Heavy Machinery-Mumbai'),
('P7','Flood-Mumbai','A2','Heat Exchanger-Mumbai'),
('P8','Earthquake-Mumbai','A2','Heat Exchanger-Mumbai'),
('P9','Fire-Mumbai','A2','Heat Exchanger-Mumbai'),
('P10','Typhoon-Mumbai','A2','Heat Exchanger-Mumbai'),
('P11','Thunderstorms, Tornados & Hail-Mumbai','A4','Property (Office Locations)-Mumbai'),
('P12','Tsunami-Mumbai','A4','Property (Office Locations)-Mumbai'),
('P13','Flood-Mumbai','A6','Warehouse & Cold Storage-Mumbai'),
('P14','Earthquake-Mumbai','A6','Warehouse & Cold Storage-Mumbai'),
('P15','Terror Attack-Mumbai','A4','Property (Office Locations)-Mumbai'),
('P16','Typhoon-Mumbai','A6','Warehouse & Cold Storage-Mumbai'),
('P17','Thunderstorms, Tornados & Hail-Mumbai','A6','Warehouse & Cold Storage-Mumbai'),
('P18','Tsunami-Mumbai','A6','Warehouse & Cold Storage-Mumbai'),
('P19','Flood-Mumbai','A7','Hotels & Resorts-Mumbai'),
('P20','Earthquake-Mumbai','A8','Supermarkets & Malls-Mumbai'),
('P21','Fire-Mumbai','A7','Hotels & Resorts-Mumbai'),
('P22','Typhoon-Mumbai','A8','Supermarkets & Malls-Mumbai'),
('P23','Thunderstorms, Tornados & Hail-Mumbai','A8','Supermarkets & Malls-Mumbai'),
('P24','Tsunami-Mumbai','A8','Supermarkets & Malls-Mumbai'),
('P25','Flood-Mumbai','A9','Mines-Mumbai'),
('P26','Earthquake-Mumbai','A9','Mines-Mumbai'),
('P27','Fire-Mumbai','A9','Mines-Mumbai'),
('P28','Typhoon-Mumbai','A9','Mines-Mumbai'),
('P29','Thunderstorms, Tornados & Hail-Mumbai','A9','Mines-Mumbai'),
('P30','Tsunami-Mumbai','A9','Mines-Mumbai'),
('P31','Flood-Mumbai','A10','Power Plants-Mumbai'),
('P32','Earthquake-Mumbai','A10','Power Plants-Mumbai'),
('P33','Fire-Mumbai','A10','Power Plants-Mumbai'),
('P34','Terror Attack-Mumbai','A10','Power Plants-Mumbai'),
('P35','Thunderstorms, Tornados & Hail-Mumbai','A10','Power Plants-Mumbai'),
('P36','Tsunami-Mumbai','A10','Power Plants-Mumbai'),
('P37','Flood-Mumbai','A11','Oil Refineries-Mumbai'),
('P38','Earthquake-Mumbai','A11','Oil Refineries-Mumbai'),
('P39','Fire-Mumbai','A11','Oil Refineries-Mumbai'),
('P40','Typhoon-Mumbai','A11','Oil Refineries-Mumbai'),
('P41','Thunderstorms, Tornados & Hail-Mumbai','A11','Oil Refineries-Mumbai'),
('P42','Tsunami-Mumbai','A11','Oil Refineries-Mumbai'),
('P43','Flood-Mumbai','A12','Telecom Towers-Mumbai'),
('P44','Earthquake-Mumbai','A12','Telecom Towers-Mumbai'),
('P45','Fire-Mumbai','A12','Telecom Towers-Mumbai'),
('P46','Typhoon-Mumbai','A12','Telecom Towers-Mumbai'),
('P47','Thunderstorms, Tornados & Hail-Mumbai','A12','Telecom Towers-Mumbai'),
('P48','Tsunami-Mumbai','A12','Telecom Towers-Mumbai'),
('P49','Flood-Mumbai','A13','Aircrafts-Mumbai'),
('P50','Earthquake-Mumbai','A13','Aircrafts-Mumbai'),
('P51','Fire-Mumbai','A13','Aircrafts-Mumbai'),
('P52','Typhoon-Mumbai','A13','Aircrafts-Mumbai'),
('P53','Thunderstorms, Tornados & Hail-Mumbai','A13','Aircrafts-Mumbai'),
('P54','Tsunami-Mumbai','A13','Aircrafts-Mumbai'),
('P55','Flood-Mumbai','A14','Ships & Cargo-Mumbai'),
('P56','Earthquake-Mumbai','A14','Ships & Cargo-Mumbai'),
('P57','Fire-Mumbai','A14','Ships & Cargo-Mumbai'),
('P58','Typhoon-Mumbai','A14','Ships & Cargo-Mumbai'),
('P59','Thunderstorms, Tornados & Hail-Mumbai','A14','Ships & Cargo-Mumbai'),
('P60','Tsunami-Mumbai','A14','Ships & Cargo-Mumbai'),
('P61','Flood-Mumbai','A15','Fleets & Cars-Mumbai'),
('P62','Earthquake-Mumbai','A15','Fleets & Cars-Mumbai'),
('P63','Fire-Mumbai','A15','Fleets & Cars-Mumbai'),
('P64','Typhoon-Mumbai','A15','Fleets & Cars-Mumbai'),
('P65','Thunderstorms, Tornados & Hail-Mumbai','A15','Fleets & Cars-Mumbai'),
('P66','Tsunami-Mumbai','A15','Fleets & Cars-Mumbai'),
('P67','Hurricane-Typhoon -Germany','A16','Heavy Machinery-Germany'),
('P68','Earthquake-Germany','A16','Heavy Machinery-Germany'),
('P69','Fire-Germany','A16','Heavy Machinery-Germany'),
('P70','Thunderstorms, Tornados & Hail-Germany','A16','Heavy Machinery-Germany'),
('P71','Hurricane-Typhoon -Germany','A19','Property (Office Locations)-Germany'),
('P72','Earthquake-Germany','A19','Property (Office Locations)-Germany'),
('P73','Fire-Germany','A19','Property (Office Locations)-Germany'),
('P74','Thunderstorms, Tornados & Hail-Germany','A19','Property (Office Locations)-Germany'),
('P75','Hurricane-Typhoon -Germany','A22','Hotels & Resorts-Germany'),
('P76','Earthquake-Germany','A22','Hotels & Resorts-Germany'),
('P77','Fire-Germany','A22','Hotels & Resorts-Germany'),
('P78','Thunderstorms, Tornados & Hail-Germany','A22','Hotels & Resorts-Germany'),
('P79','Hurricane-Typhoon -Germany','A23','Supermarkets & Malls-Germany'),
('P80','Earthquake-Germany','A23','Supermarkets & Malls-Germany'),
('P81','Fire-Germany','A23','Supermarkets & Malls-Germany'),
('P82','Thunderstorms, Tornados & Hail-Germany','A23','Supermarkets & Malls-Germany'),
('P83','Hurricane-Typhoon -Germany','A25','Power Plants-Germany'),
('P84','Earthquake-Germany','A25','Power Plants-Germany'),
('P85','Fire-Germany','A25','Power Plants-Germany'),
('P86','Thunderstorms, Tornados & Hail-Germany','A25','Power Plants-Germany'),
('P87','Hurricane-Typhoon -Germany','A28','Aircrafts-Germany'),
('P88','Earthquake-Germany','A28','Aircrafts-Germany'),
('P89','Fire-Germany','A28','Aircrafts-Germany'),
('P90','Thunderstorms, Tornados & Hail-Germany','A28','Aircrafts-Germany'),
('P91','Hurricane-Typhoon -Germany','A30','Fleets & Cars-Germany'),
('P92','Earthquake-Germany','A30','Fleets & Cars-Germany'),
('P93','Fire-Germany','A30','Fleets & Cars-Germany'),
('P94','Thunderstorms, Tornados & Hail-Germany','A30','Fleets & Cars-Germany'),
('P95','Hurricane-Typhoon -Manila','A34','Property (Office Locations)-Manila'),
('P96','Earthquake-Manila','A34','Property (Office Locations)-Manila'),
('P97','Fire-Manila','A34','Property (Office Locations)-Manila'),
('P98','Earthquake-Manila','A33','Pipelines-Manila'),
('P99','Fire-Manila','A33','Pipelines-Manila'),
('P100','Hurricane-Typhoon -Manila','A36','Warehouse & Cold Storage-Manila'),
('P101','Earthquake-Manila','A38','Supermarkets & Malls-Manila'),
('P102','Fire-Manila','A40','Power Plants-Manila'),
('P103','Hurricane-Typhoon -Manila','A43','Aircrafts-Manila'),
('P104','Earthquake-Manila','A43','Aircrafts-Manila'),
('P105','Fire-Manila','A43','Aircrafts-Manila'),
('P106','Hurricane-Typhoon -Manila','A45','Fleets & Cars-Manila'),
('P107','Thunderstorms, Tornados & Hail-San Francisco','A47','Heat Exchanger-San Francisco'),
('P108','Hurricane-Typhoon -San Francisco','A47','Heat Exchanger-San Francisco'),
('P109','Earthquake-San Francisco','A47','Heat Exchanger-San Francisco'),
('P110','Thunderstorms, Tornados & Hail-San Francisco','A49','Property (Office Locations)-San Francisco'),
('P111','Hurricane-Typhoon -San Francisco','A49','Property (Office Locations)-San Francisco'),
('P112','Earthquake-San Francisco','A49','Property (Office Locations)-San Francisco'),
('P113','Thunderstorms, Tornados & Hail-San Francisco','A53','Supermarkets & Malls-San Francisco'),
('P114','Hurricane-Typhoon -San Francisco','A53','Supermarkets & Malls-San Francisco'),
('P115','Earthquake-San Francisco','A53','Supermarkets & Malls-San Francisco'),
('P116','Thunderstorms, Tornados & Hail-San Francisco','A54','Mines-San Francisco'),
('P117','Hurricane-Typhoon -San Francisco','A55','Power Plants-San Francisco'),
('P118','Earthquake-San Francisco','A60','Fleets & Cars-San Francisco'),
('P119','Hurricane-Typhoon -San Francisco','A58','Aircrafts-San Francisco'),
('P120','Thunderstorms, Tornados & Hail-Calgary','A64','Property (Office Locations)-Calgary'),
('P121','Hurricane-Typhoon -Calgary','A64','Property (Office Locations)-Calgary'),
('P122','Earthquake-Calgary','A64','Property (Office Locations)-Calgary'),
('P123','Thunderstorms, Tornados & Hail-Calgary','A67','Hotels & Resorts-Calgary'),
('P124','Hurricane-Typhoon -Calgary','A68','Supermarkets & Malls-Calgary'),
('P125','Earthquake-Calgary','A69','Mines-Calgary'),
('P126','Thunderstorms, Tornados & Hail-Calgary','A71','Oil Refineries-Calgary'),
('P127','Hurricane-Typhoon -Calgary','A72','Telecom Towers-Calgary'),
('P128','Earthquake-Calgary','A73','Aircrafts-Calgary'),
('P129','Thunderstorms, Tornados & Hail-Calgary','A75','Fleets & Cars-Calgary'),
('P130','Hurricane-Typhoon -Calgary','A67','Hotels & Resorts-Calgary'),
('P131','Earthquake-Calgary','A68','Supermarkets & Malls-Calgary'),
('P132','Hurricane-Typhoon -Calgary','A73','Aircrafts-Calgary'),
('P133','Thunderstorms, Tornados & Tropical storms-Gulf of Mexico','A78','Pipelines-Gulf of Mexico'),
('P134','Hurricane-Typhoon -Gulf of Mexico','A79','Property (Office Locations)-Gulf of Mexico'),
('P135','Thunderstorms, Tornados & Tropical storms-Gulf of Mexico','A81','Warehouse & Cold Storage-Gulf of Mexico'),
('P136','Thunderstorms, Tornados & Tropical storms-Gulf of Mexico','A83','Supermarkets & Malls-Gulf of Mexico'),
('P137','Thunderstorms, Tornados & Tropical storms-Gulf of Mexico','A88','Aircrafts-Gulf of Mexico'),
('P138','Earthquake-Gulf of Mexico','A90','Fleets & Cars-Gulf of Mexico'),
('P139','Thunderstorms, Tornados & Hail-Tokyo','A93','Pipelines-Tokyo'),
('P140','Hurricane-Typhoon -Tokyo','A93','Pipelines-Tokyo'),
('P141','Earthquake-Tokyo','A93','Pipelines-Tokyo'),
('P142','Thunderstorms, Tornados & Hail-Tokyo','A94','Property (Office Locations)-Tokyo'),
('P143','Hurricane-Typhoon -Tokyo','A94','Property (Office Locations)-Tokyo'),
('P144','Earthquake-Tokyo','A98','Supermarkets & Malls-Tokyo'),
('P145','Thunderstorms, Tornados & Hail-Tokyo','A99','Mines-Tokyo'),
('P146','Fire-Tokyo','A103','Aircrafts-Tokyo'),
('P147','Earthquake-Tokyo','A103','Aircrafts-Tokyo'),
('P148','Thunderstorms, Tornados & Hail-Tokyo','A105','Fleets & Cars-Tokyo'),
('P149','Hurricane-Typhoon -Tokyo','A105','Fleets & Cars-Tokyo'),
('P150','Earthquake-Tokyo','A105','Fleets & Cars-Tokyo'),
('P151','Fire-Tokyo','A94','Property (Office Locations)-Tokyo'),
('P152','Thunderstorms, Tornados & Hail-Tokyo','A98','Supermarkets & Malls-Tokyo'),
('P153','Tropical Storm-Tokyo','A99','Mines-Tokyo'),
('P154','Earthquake-Tokyo','A98','Supermarkets & Malls-Tokyo'),
('P155','Fire-Tokyo','A99','Mines-Tokyo'),
('P156','Fire-Tokyo','A98','Supermarkets & Malls-Tokyo'),
('P157','Thunderstorms, Tornados & Tropical storms-Caribbean Islands','A109','Property (Office Locations)-Caribbean Islands'),
('P158','Thunderstorms, Tornados & Tropical storms-Caribbean Islands','A109','Property (Office Locations)-Caribbean Islands'),
('P159','Thunderstorms, Tornados & Tropical storms-Caribbean Islands','A113','Supermarkets & Malls-Caribbean Islands'),
('P160','Earthquake-Caribbean Islands','A113','Supermarkets & Malls-Caribbean Islands'),
('P161','Thunderstorms, Tornados & Hail-Caribbean Islands','A113','Supermarkets & Malls-Caribbean Islands'),
('P162','Thunderstorms, Tornados & Tropical storms-Caribbean Islands','A109','Property (Office Locations)-Caribbean Islands'),
('P163','Earthquake-Caribbean Islands','A118','Aircrafts-Caribbean Islands'),
('P164','Hurricane-Typhoon -Caribbean Islands','A118','Aircrafts-Caribbean Islands'),
('P165','Thunderstorms, Tornados & Hail-Caribbean Islands','A118','Aircrafts-Caribbean Islands'),
('P166','Hurricane-Typhoon -Caribbean Islands','A120','Fleets & Cars-Caribbean Islands'),
('P167','Earthquake-Caribbean Islands','A120','Fleets & Cars-Caribbean Islands'),
('P168','Fire-Caribbean Islands','A120','Fleets & Cars-Caribbean Islands'),
('P169','Tropical Storm-Caribbean Islands','A120','Fleets & Cars-Caribbean Islands'),
('P170','Earthquake-Texas','A124','Property (Office Locations)-Texas'),
('P171','Thunderstorms, Tornados & Hail-Texas','A124','Property (Office Locations)-Texas'),
('P172','Hurricane-Typhoon -Texas','A124','Property (Office Locations)-Texas'),
('P173','Earthquake-Texas','A127','Hotels & Resorts-Texas'),
('P174','Hurricane-Typhoon -Texas','A128','Supermarkets & Malls-Texas'),
('P175','Thunderstorms, Tornados & Hail-Texas','A131','Oil Refineries-Texas'),
('P176','Hurricane-Typhoon -Texas','A131','Oil Refineries-Texas'),
('P177','Earthquake-Texas','A131','Oil Refineries-Texas'),
('P178','Hurricane-Typhoon -Texas','A132','Telecom Towers-Texas'),
('P179','Thunderstorms, Tornados & Hail-Texas','A132','Telecom Towers-Texas'),
('P180','Hurricane-Typhoon -Texas','A133','Aircrafts-Texas'),
('P181','Earthquake-Texas','A135','Fleets & Cars-Texas'),
('P182','Hurricane-Typhoon -Texas','A135','Fleets & Cars-Texas');


CREATE TABLE AssetMaster (
    Asset_Code VARCHAR(4),
    Asset_Description VARCHAR(250),
    Asset VARCHAR(250),
    Location VARCHAR(250),
    Asset_Value_Year_1 VARCHAR(250),
    Asset_Value_Year_2 VARCHAR(250),
    Asset_Value_Year_3 VARCHAR(250),
    Asset_Value_Year_4 VARCHAR(250),
    Asset_Value_Year_5 VARCHAR(250),
    Life_of_the_Asset INT,
    primary key(Asset_Code)
);
INSERT INTO AssetMaster VALUES ('A1','Heavy Machinery-Mumbai','Heavy Machinery','Mumbai',' $ 200,000 ',' $ 180,000 ',' $ 160,000 ',' $ 140,000 ',' $ 120,000 ',10),
('A2','Heat Exchanger-Mumbai','Heat Exchanger','Mumbai',' $ 200,000 ',' $ 160,000 ',' $ 120,000 ',' $ 80,000 ',' $ 40,000 ',5),
('A3','Pipelines-Mumbai','Pipelines','Mumbai',NULL,' $ -   ',' $ -   ',' $ -   ',' $ -   ',10),
('A4','Property (Office Locations)-Mumbai','Property (Office Locations)','Mumbai',' $ 700,000 ',' $ 630,000 ',' $ 560,000 ',' $ 490,000 ',' $ 420,000 ',10),
('A5','Manufacturing Plants-Mumbai','Manufacturing Plants','Mumbai',NULL,' $ -   ',' $ -   ',' $ -   ',' $ -   ',10),
('A6','Warehouse & Cold Storage-Mumbai','Warehouse & Cold Storage','Mumbai',' $ 400,000 ',' $ 320,000 ',' $ 240,000 ',' $ 160,000 ',' $ 80,000 ',5),
('A7','Hotels & Resorts-Mumbai','Hotels & Resorts','Mumbai',' $ 800,000 ',' $ 720,000 ',' $ 640,000 ',' $ 560,000 ',' $ 480,000 ',10),
('A8','Supermarkets & Malls-Mumbai','Supermarkets & Malls','Mumbai',' $ 300,000 ',' $ 240,000 ',' $ 180,000 ',' $ 120,000 ',' $ 60,000 ',5),
('A9','Mines-Mumbai','Mines','Mumbai',' $ 300,000 ',' $ 270,000 ',' $ 240,000 ',' $ 210,000 ',' $ 180,000 ',10),
('A10','Power Plants-Mumbai','Power Plants','Mumbai',' $ 400,000 ',' $ 320,000 ',' $ 240,000 ',' $ 160,000 ',' $ 80,000 ',5),
('A11','Oil Refineries-Mumbai','Oil Refineries','Mumbai',' $ 1,000,000 ',' $ 900,000 ',' $ 800,000 ',' $ 700,000 ',' $ 600,000 ',10),
('A12','Telecom Towers-Mumbai','Telecom Towers','Mumbai',' $ 500,000 ',' $ 375,000 ',' $ 250,000 ',' $ 125,000 ',' $ -   ',4),
('A13','Aircrafts-Mumbai','Aircrafts','Mumbai',' $ 200,000 ',' $ 160,000 ',' $ 120,000 ',' $ 80,000 ',' $ 40,000 ',5),
('A14','Ships & Cargo-Mumbai','Ships & Cargo','Mumbai',' $ 300,000 ',' $ 240,000 ',' $ 180,000 ',' $ 120,000 ',' $ 60,000 ',5),
('A15','Fleets & Cars-Mumbai','Fleets & Cars','Mumbai',' $ 200,000 ',' $ 150,000 ',' $ 100,000 ',' $ 50,000 ',' $ -   ',4),
('A16','Heavy Machinery-Germany','Heavy Machinery','Germany',' $ 300,000 ',' $ 270,000 ',' $ 240,000 ',' $ 210,000 ',' $ 180,000 ',10),
('A17','Heat Exchanger-Germany','Heat Exchanger','Germany',NULL,' $ -   ',' $ -   ',' $ -   ',' $ -   ',5),
('A18','Pipelines-Germany','Pipelines','Germany',NULL,' $ -   ',' $ -   ',' $ -   ',' $ -   ',10),
('A19','Property (Office Locations)-Germany','Property (Office Locations)','Germany',' $ 500,000 ',' $ 450,000 ',' $ 400,000 ',' $ 350,000 ',' $ 300,000 ',10),
('A20','Manufacturing Plants-Germany','Manufacturing Plants','Germany',' $ 500,000 ',' $ 450,000 ',' $ 400,000 ',' $ 350,000 ',' $ 300,000 ',10),
('A21','Warehouse & Cold Storage-Germany','Warehouse & Cold Storage','Germany',NULL,' $ -   ',' $ -   ',' $ -   ',' $ -   ',5),
('A22','Hotels & Resorts-Germany','Hotels & Resorts','Germany',' $ 1,000,000 ',' $ 900,000 ',' $ 800,000 ',' $ 700,000 ',' $ 600,000 ',10),
('A23','Supermarkets & Malls-Germany','Supermarkets & Malls','Germany',' $ 300,000 ',' $ 240,000 ',' $ 180,000 ',' $ 120,000 ',' $ 60,000 ',5),
('A24','Mines-Germany','Mines','Germany',NULL,' $ -   ',' $ -   ',' $ -   ',' $ -   ',10),
('A25','Power Plants-Germany','Power Plants','Germany',' $ 300,000 ',' $ 240,000 ',' $ 180,000 ',' $ 120,000 ',' $ 60,000 ',5),
('A26','Oil Refineries-Germany','Oil Refineries','Germany',NULL,' $ -   ',' $ -   ',' $ -   ',' $ -   ',10),
('A27','Telecom Towers-Germany','Telecom Towers','Germany',NULL,' $ -   ',' $ -   ',' $ -   ',' $ -   ',4),
('A28','Aircrafts-Germany','Aircrafts','Germany',' $ 400,000 ',' $ 320,000 ',' $ 240,000 ',' $ 160,000 ',' $ 80,000 ',5),
('A29','Ships & Cargo-Germany','Ships & Cargo','Germany',NULL,' $ -   ',' $ -   ',' $ -   ',' $ -   ',5),
('A30','Fleets & Cars-Germany','Fleets & Cars','Germany',' $ 200,000 ',' $ 150,000 ',' $ 100,000 ',' $ 50,000 ',' $ -   ',4),
('A31','Heavy Machinery-Manila','Heavy Machinery','Manila',NULL,' $ -   ',' $ -   ',' $ -   ',' $ -   ',10),
('A32','Heat Exchanger-Manila','Heat Exchanger','Manila',NULL,' $ -   ',' $ -   ',' $ -   ',' $ -   ',5),
('A33','Pipelines-Manila','Pipelines','Manila',' $ 400,000 ',' $ 360,000 ',' $ 320,000 ',' $ 280,000 ',' $ 240,000 ',10),
('A34','Property (Office Locations)-Manila','Property (Office Locations)','Manila',' $ 400,000 ',' $ 360,000 ',' $ 320,000 ',' $ 280,000 ',' $ 240,000 ',10),
('A35','Manufacturing Plants-Manila','Manufacturing Plants','Manila',NULL,' $ -   ',' $ -   ',' $ -   ',' $ -   ',10),
('A36','Warehouse & Cold Storage-Manila','Warehouse & Cold Storage','Manila',' $ 300,000 ',' $ 240,000 ',' $ 180,000 ',' $ 120,000 ',' $ 60,000 ',5),
('A37','Hotels & Resorts-Manila','Hotels & Resorts','Manila',NULL,' $ -   ',' $ -   ',' $ -   ',' $ -   ',10),
('A38','Supermarkets & Malls-Manila','Supermarkets & Malls','Manila',' $ 500,000 ',' $ 400,000 ',' $ 300,000 ',' $ 200,000 ',' $ 100,000 ',5),
('A39','Mines-Manila','Mines','Manila',NULL,' $ -   ',' $ -   ',' $ -   ',' $ -   ',10),
('A40','Power Plants-Manila','Power Plants','Manila',' $ 300,000 ',' $ 240,000 ',' $ 180,000 ',' $ 120,000 ',' $ 60,000 ',5),
('A41','Oil Refineries-Manila','Oil Refineries','Manila',NULL,' $ -   ',' $ -   ',' $ -   ',' $ -   ',10),
('A42','Telecom Towers-Manila','Telecom Towers','Manila',NULL,' $ -   ',' $ -   ',' $ -   ',' $ -   ',4),
('A43','Aircrafts-Manila','Aircrafts','Manila',' $ 500,000 ',' $ 400,000 ',' $ 300,000 ',' $ 200,000 ',' $ 100,000 ',5),
('A44','Ships & Cargo-Manila','Ships & Cargo','Manila',NULL,' $ -   ',' $ -   ',' $ -   ',' $ -   ',5),
('A45','Fleets & Cars-Manila','Fleets & Cars','Manila',' $ 300,000 ',' $ 225,000 ',' $ 150,000 ',' $ 75,000 ',' $ -   ',4),
('A46','Heavy Machinery-San Francisco','Heavy Machinery','San Francisco',NULL,' $ -   ',' $ -   ',' $ -   ',' $ -   ',10),
('A47','Heat Exchanger-San Francisco','Heat Exchanger','San Francisco',' $ 600,000 ',' $ 480,000 ',' $ 360,000 ',' $ 240,000 ',' $ 120,000 ',5),
('A48','Pipelines-San Francisco','Pipelines','San Francisco',NULL,' $ -   ',' $ -   ',' $ -   ',' $ -   ',10),
('A49','Property (Office Locations)-San Francisco','Property (Office Locations)','San Francisco',' $ 800,000 ',' $ 720,000 ',' $ 640,000 ',' $ 560,000 ',' $ 480,000 ',10),
('A50','Manufacturing Plants-San Francisco','Manufacturing Plants','San Francisco',NULL,' $ -   ',' $ -   ',' $ -   ',' $ -   ',10),
('A51','Warehouse & Cold Storage-San Francisco','Warehouse & Cold Storage','San Francisco',NULL,' $ -   ',' $ -   ',' $ -   ',' $ -   ',5),
('A52','Hotels & Resorts-San Francisco','Hotels & Resorts','San Francisco',NULL,' $ -   ',' $ -   ',' $ -   ',' $ -   ',10),
('A53','Supermarkets & Malls-San Francisco','Supermarkets & Malls','San Francisco',' $ 500,000 ',' $ 400,000 ',' $ 300,000 ',' $ 200,000 ',' $ 100,000 ',5),
('A54','Mines-San Francisco','Mines','San Francisco',' $ 300,000 ',' $ 270,000 ',' $ 240,000 ',' $ 210,000 ',' $ 180,000 ',10),
('A55','Power Plants-San Francisco','Power Plants','San Francisco',' $ 500,000 ',' $ 400,000 ',' $ 300,000 ',' $ 200,000 ',' $ 100,000 ',5),
('A56','Oil Refineries-San Francisco','Oil Refineries','San Francisco',NULL,' $ -   ',' $ -   ',' $ -   ',' $ -   ',10),
('A57','Telecom Towers-San Francisco','Telecom Towers','San Francisco',NULL,' $ -   ',' $ -   ',' $ -   ',' $ -   ',4),
('A58','Aircrafts-San Francisco','Aircrafts','San Francisco',' $ 200,000 ',' $ 160,000 ',' $ 120,000 ',' $ 80,000 ',' $ 40,000 ',5),
('A59','Ships & Cargo-San Francisco','Ships & Cargo','San Francisco',NULL,' $ -   ',' $ -   ',' $ -   ',' $ -   ',5),
('A60','Fleets & Cars-San Francisco','Fleets & Cars','San Francisco',' $ 400,000 ',' $ 300,000 ',' $ 200,000 ',' $ 100,000 ',' $ -   ',4),
('A61','Heavy Machinery-Calgary','Heavy Machinery','Calgary',NULL,' $ -   ',' $ -   ',' $ -   ',' $ -   ',10),
('A62','Heat Exchanger-Calgary','Heat Exchanger','Calgary',NULL,' $ -   ',' $ -   ',' $ -   ',' $ -   ',5),
('A63','Pipelines-Calgary','Pipelines','Calgary',NULL,' $ -   ',' $ -   ',' $ -   ',' $ -   ',10),
('A64','Property (Office Locations)-Calgary','Property (Office Locations)','Calgary',' $ 1,000,000 ',' $ 900,000 ',' $ 800,000 ',' $ 700,000 ',' $ 600,000 ',10),
('A65','Manufacturing Plants-Calgary','Manufacturing Plants','Calgary',NULL,' $ -   ',' $ -   ',' $ -   ',' $ -   ',10),
('A66','Warehouse & Cold Storage-Calgary','Warehouse & Cold Storage','Calgary',NULL,' $ -   ',' $ -   ',' $ -   ',' $ -   ',5),
('A67','Hotels & Resorts-Calgary','Hotels & Resorts','Calgary',' $ 1,100,000 ',' $ 990,000 ',' $ 880,000 ',' $ 770,000 ',' $ 660,000 ',10),
('A68','Supermarkets & Malls-Calgary','Supermarkets & Malls','Calgary',' $ 300,000 ',' $ 240,000 ',' $ 180,000 ',' $ 120,000 ',' $ 60,000 ',5),
('A69','Mines-Calgary','Mines','Calgary',' $ 300,000 ',' $ 270,000 ',' $ 240,000 ',' $ 210,000 ',' $ 180,000 ',10),
('A70','Power Plants-Calgary','Power Plants','Calgary',NULL,' $ -   ',' $ -   ',' $ -   ',' $ -   ',5),
('A71','Oil Refineries-Calgary','Oil Refineries','Calgary',' $ 1,000,000 ',' $ 900,000 ',' $ 800,000 ',' $ 700,000 ',' $ 600,000 ',10),
('A72','Telecom Towers-Calgary','Telecom Towers','Calgary',' $ 500,000 ',' $ 375,000 ',' $ 250,000 ',' $ 125,000 ',' $ -   ',4),
('A73','Aircrafts-Calgary','Aircrafts','Calgary',' $ 200,000 ',' $ 160,000 ',' $ 120,000 ',' $ 80,000 ',' $ 40,000 ',5),
('A74','Ships & Cargo-Calgary','Ships & Cargo','Calgary',NULL,' $ -   ',' $ -   ',' $ -   ',' $ -   ',5),
('A75','Fleets & Cars-Calgary','Fleets & Cars','Calgary',' $ 200,000 ',' $ 150,000 ',' $ 100,000 ',' $ 50,000 ',' $ -   ',4),
('A76','Heavy Machinery-Gulf of Mexico','Heavy Machinery','Gulf of Mexico',NULL,' $ -   ',' $ -   ',' $ -   ',' $ -   ',10),
('A77','Heat Exchanger-Gulf of Mexico','Heat Exchanger','Gulf of Mexico',NULL,' $ -   ',' $ -   ',' $ -   ',' $ -   ',5),
('A78','Pipelines-Gulf of Mexico','Pipelines','Gulf of Mexico',' $ 400,000 ',' $ 360,000 ',' $ 320,000 ',' $ 280,000 ',' $ 240,000 ',10),
('A79','Property (Office Locations)-Gulf of Mexico','Property (Office Locations)','Gulf of Mexico',' $ 500,000 ',' $ 450,000 ',' $ 400,000 ',' $ 350,000 ',' $ 300,000 ',10),
('A80','Manufacturing Plants-Gulf of Mexico','Manufacturing Plants','Gulf of Mexico',NULL,' $ -   ',' $ -   ',' $ -   ',' $ -   ',10),
('A81','Warehouse & Cold Storage-Gulf of Mexico','Warehouse & Cold Storage','Gulf of Mexico',' $ 200,000 ',' $ 160,000 ',' $ 120,000 ',' $ 80,000 ',' $ 40,000 ',5),
('A82','Hotels & Resorts-Gulf of Mexico','Hotels & Resorts','Gulf of Mexico',NULL,' $ -   ',' $ -   ',' $ -   ',' $ -   ',10),
('A83','Supermarkets & Malls-Gulf of Mexico','Supermarkets & Malls','Gulf of Mexico',' $ 300,000 ',' $ 240,000 ',' $ 180,000 ',' $ 120,000 ',' $ 60,000 ',5),
('A84','Mines-Gulf of Mexico','Mines','Gulf of Mexico',NULL,' $ -   ',' $ -   ',' $ -   ',' $ -   ',10),
('A85','Power Plants-Gulf of Mexico','Power Plants','Gulf of Mexico',NULL,' $ -   ',' $ -   ',' $ -   ',' $ -   ',5),
('A86','Oil Refineries-Gulf of Mexico','Oil Refineries','Gulf of Mexico',NULL,' $ -   ',' $ -   ',' $ -   ',' $ -   ',10),
('A87','Telecom Towers-Gulf of Mexico','Telecom Towers','Gulf of Mexico',NULL,' $ -   ',' $ -   ',' $ -   ',' $ -   ',4),
('A88','Aircrafts-Gulf of Mexico','Aircrafts','Gulf of Mexico',' $ 500,000 ',' $ 400,000 ',' $ 300,000 ',' $ 200,000 ',' $ 100,000 ',5),
('A89','Ships & Cargo-Gulf of Mexico','Ships & Cargo','Gulf of Mexico',NULL,' $ -   ',' $ -   ',' $ -   ',' $ -   ',5),
('A90','Fleets & Cars-Gulf of Mexico','Fleets & Cars','Gulf of Mexico',' $ 600,000 ',' $ 450,000 ',' $ 300,000 ',' $ 150,000 ',' $ -   ',4),
('A91','Heavy Machinery-Tokyo','Heavy Machinery','Tokyo',NULL,' $ -   ',' $ -   ',' $ -   ',' $ -   ',10),
('A92','Heat Exchanger-Tokyo','Heat Exchanger','Tokyo',NULL,' $ -   ',' $ -   ',' $ -   ',' $ -   ',5),
('A93','Pipelines-Tokyo','Pipelines','Tokyo',' $ 400,000 ',' $ 360,000 ',' $ 320,000 ',' $ 280,000 ',' $ 240,000 ',10),
('A94','Property (Office Locations)-Tokyo','Property (Office Locations)','Tokyo',' $ 300,000 ',' $ 270,000 ',' $ 240,000 ',' $ 210,000 ',' $ 180,000 ',10),
('A95','Manufacturing Plants-Tokyo','Manufacturing Plants','Tokyo',NULL,' $ -   ',' $ -   ',' $ -   ',' $ -   ',10),
('A96','Warehouse & Cold Storage-Tokyo','Warehouse & Cold Storage','Tokyo',NULL,' $ -   ',' $ -   ',' $ -   ',' $ -   ',5),
('A97','Hotels & Resorts-Tokyo','Hotels & Resorts','Tokyo',NULL,' $ -   ',' $ -   ',' $ -   ',' $ -   ',10),
('A98','Supermarkets & Malls-Tokyo','Supermarkets & Malls','Tokyo',' $ 300,000 ',' $ 240,000 ',' $ 180,000 ',' $ 120,000 ',' $ 60,000 ',5),
('A99','Mines-Tokyo','Mines','Tokyo',' $ 300,000 ',' $ 270,000 ',' $ 240,000 ',' $ 210,000 ',' $ 180,000 ',10),
('A100','Power Plants-Tokyo','Power Plants','Tokyo',NULL,' $ -   ',' $ -   ',' $ -   ',' $ -   ',5),
('A101','Oil Refineries-Tokyo','Oil Refineries','Tokyo',NULL,' $ -   ',' $ -   ',' $ -   ',' $ -   ',10),
('A102','Telecom Towers-Tokyo','Telecom Towers','Tokyo',NULL,' $ -   ',' $ -   ',' $ -   ',' $ -   ',4),
('A103','Aircrafts-Tokyo','Aircrafts','Tokyo',' $ 200,000 ',' $ 160,000 ',' $ 120,000 ',' $ 80,000 ',' $ 40,000 ',5),
('A104','Ships & Cargo-Tokyo','Ships & Cargo','Tokyo',NULL,' $ -   ',' $ -   ',' $ -   ',' $ -   ',5),
('A105','Fleets & Cars-Tokyo','Fleets & Cars','Tokyo',' $ 400,000 ',' $ 300,000 ',' $ 200,000 ',' $ 100,000 ',' $ -   ',4),
('A106','Heavy Machinery-Caribbean Islands','Heavy Machinery','Caribbean Islands',NULL,' $ -   ',' $ -   ',' $ -   ',' $ -   ',10),
('A107','Heat Exchanger-Caribbean Islands','Heat Exchanger','Caribbean Islands',NULL,' $ -   ',' $ -   ',' $ -   ',' $ -   ',5),
('A108','Pipelines-Caribbean Islands','Pipelines','Caribbean Islands',NULL,' $ -   ',' $ -   ',' $ -   ',' $ -   ',10),
('A109','Property (Office Locations)-Caribbean Islands','Property (Office Locations)','Caribbean Islands',' $ 400,000 ',' $ 360,000 ',' $ 320,000 ',' $ 280,000 ',' $ 240,000 ',10),
('A110','Manufacturing Plants-Caribbean Islands','Manufacturing Plants','Caribbean Islands',NULL,' $ -   ',' $ -   ',' $ -   ',' $ -   ',10),
('A111','Warehouse & Cold Storage-Caribbean Islands','Warehouse & Cold Storage','Caribbean Islands',NULL,' $ -   ',' $ -   ',' $ -   ',' $ -   ',5),
('A112','Hotels & Resorts-Caribbean Islands','Hotels & Resorts','Caribbean Islands',NULL,' $ -   ',' $ -   ',' $ -   ',' $ -   ',10),
('A113','Supermarkets & Malls-Caribbean Islands','Supermarkets & Malls','Caribbean Islands',' $ 600,000 ',' $ 480,000 ',' $ 360,000 ',' $ 240,000 ',' $ 120,000 ',5),
('A114','Mines-Caribbean Islands','Mines','Caribbean Islands',NULL,' $ -   ',' $ -   ',' $ -   ',' $ -   ',10),
('A115','Power Plants-Caribbean Islands','Power Plants','Caribbean Islands',NULL,' $ -   ',' $ -   ',' $ -   ',' $ -   ',5),
('A116','Oil Refineries-Caribbean Islands','Oil Refineries','Caribbean Islands',NULL,' $ -   ',' $ -   ',' $ -   ',' $ -   ',10),
('A117','Telecom Towers-Caribbean Islands','Telecom Towers','Caribbean Islands',NULL,' $ -   ',' $ -   ',' $ -   ',' $ -   ',4),
('A118','Aircrafts-Caribbean Islands','Aircrafts','Caribbean Islands',' $ 600,000 ',' $ 480,000 ',' $ 360,000 ',' $ 240,000 ',' $ 120,000 ',5),
('A119','Ships & Cargo-Caribbean Islands','Ships & Cargo','Caribbean Islands',NULL,' $ -   ',' $ -   ',' $ -   ',' $ -   ',5),
('A120','Fleets & Cars-Caribbean Islands','Fleets & Cars','Caribbean Islands',' $ 200,000 ',' $ 150,000 ',' $ 100,000 ',' $ 50,000 ',' $ -   ',4),
('A121','Heavy Machinery-Texas','Heavy Machinery','Texas',NULL,' $ -   ',' $ -   ',' $ -   ',' $ -   ',10),
('A122','Heat Exchanger-Texas','Heat Exchanger','Texas',NULL,' $ -   ',' $ -   ',' $ -   ',' $ -   ',5),
('A123','Pipelines-Texas','Pipelines','Texas',NULL,' $ -   ',' $ -   ',' $ -   ',' $ -   ',10),
('A124','Property (Office Locations)-Texas','Property (Office Locations)','Texas',' $ 1,200,000 ',' $ 1,080,000 ',' $ 960,000 ',' $ 840,000 ',' $ 720,000 ',10),
('A125','Manufacturing Plants-Texas','Manufacturing Plants','Texas',' $ 300,000 ',' $ 270,000 ',' $ 240,000 ',' $ 210,000 ',' $ 180,000 ',10),
('A126','Warehouse & Cold Storage-Texas','Warehouse & Cold Storage','Texas',NULL,' $ -   ',' $ -   ',' $ -   ',' $ -   ',5),
('A127','Hotels & Resorts-Texas','Hotels & Resorts','Texas',' $ 1,000,000 ',' $ 900,000 ',' $ 800,000 ',' $ 700,000 ',' $ 600,000 ',10),
('A128','Supermarkets & Malls-Texas','Supermarkets & Malls','Texas',' $ 300,000 ',' $ 240,000 ',' $ 180,000 ',' $ 120,000 ',' $ 60,000 ',5),
('A129','Mines-Texas','Mines','Texas',NULL,' $ -   ',' $ -   ',' $ -   ',' $ -   ',10),
('A130','Power Plants-Texas','Power Plants','Texas',NULL,' $ -   ',' $ -   ',' $ -   ',' $ -   ',5),
('A131','Oil Refineries-Texas','Oil Refineries','Texas',' $ 1,000,000 ',' $ 900,000 ',' $ 800,000 ',' $ 700,000 ',' $ 600,000 ',10),
('A132','Telecom Towers-Texas','Telecom Towers','Texas',' $ 500,000 ',' $ 375,000 ',' $ 250,000 ',' $ 125,000 ',' $ -   ',4),
('A133','Aircrafts-Texas','Aircrafts','Texas',' $ 200,000 ',' $ 160,000 ',' $ 120,000 ',' $ 80,000 ',' $ 40,000 ',5),
('A134','Ships & Cargo-Texas','Ships & Cargo','Texas',NULL,' $ -   ',' $ -   ',' $ -   ',' $ -   ',5),
('A135','Fleets & Cars-Texas','Fleets & Cars','Texas',' $ 200,000 ',' $ 150,000 ',' $ 100,000 ',' $ 50,000 ',' $ -   ',4);


CREATE TABLE RiskMaster (
    Risk_Event_Code VARCHAR(4),
    Risk_Description VARCHAR(250),
    Mapped_Peril VARCHAR(250),
    Location VARCHAR(250),
    Peril VARCHAR(250),
    Asset_to_be_impacted VARCHAR(4),
    Risk_Loss_yr_1 VARCHAR(250),
    Risk_Loss_yr_2 VARCHAR(250),
    Risk_Loss_yr_3 VARCHAR(250),
    Risk_Loss_yr_4 VARCHAR(250),
    Risk_Loss_yr_5 VARCHAR(250),
    Probability NUMERIC(2, 0),
    Policy_to_be_procured VARCHAR(4),
    Premium VARCHAR(250),
    primary key(Risk_Event_Code)
);
INSERT INTO RiskMaster VALUES ('R1','High tide and high rainfalls leading to large floods','Flood','Mumbai','Flood-Mumbai','A1',' $ -200,000 ',' $ -180,000 ',' $ -160,000 ',' $ -140,000 ',' $ -120,000 ',17,'P1',' $ 20,000.00 '),
('R2','Earthquake','Earthquake','Mumbai','Earthquake-Mumbai','A1',' $ -200,000 ',' $ -180,000 ',' $ -160,000 ',' $ -140,000 ',' $ -120,000 ',20,'P2',' $ 20,000.00 '),
('R3','Fire','Fire','Mumbai','Fire-Mumbai','A1',' $ -200,000 ',' $ -180,000 ',' $ -160,000 ',' $ -140,000 ',' $ -120,000 ',20,'P3',' $ 20,000.00 '),
('R4','Typhoon','Typhoon','Mumbai','Typhoon-Mumbai','A1',' $ -200,000 ',' $ -180,000 ',' $ -160,000 ',' $ -140,000 ',' $ -120,000 ',30,'P4',' $ 20,000.00 '),
('R5','Thunderstorms, Tornados & Hail','Thunderstorms, Tornados & Hail','Mumbai','Thunderstorms, Tornados & Hail-Mumbai','A1',' $ -200,000 ',' $ -180,000 ',' $ -160,000 ',' $ -140,000 ',' $ -120,000 ',15,'P5',' $ 20,000.00 '),
('R6','Tsunami','Tsunami','Mumbai','Tsunami-Mumbai','A1',' $ -200,000 ',' $ -180,000 ',' $ -160,000 ',' $ -140,000 ',' $ -120,000 ',14,'P6',' $ 20,000.00 '),
('R7','High tide and high rainfalls leading to large floods','Flood','Mumbai','Flood-Mumbai','A2',' $ -200,000 ',' $ -160,000 ',' $ -120,000 ',' $ -80,000 ',' $ -40,000 ',17,'P7',' $ 20,000.00 '),
('R8','Earthquake','Earthquake','Mumbai','Earthquake-Mumbai','A2',' $ -200,000 ',' $ -160,000 ',' $ -120,000 ',' $ -80,000 ',' $ -40,000 ',20,'P8',' $ 20,000.00 '),
('R9','Fire','Fire','Mumbai','Fire-Mumbai','A2',' $ -200,000 ',' $ -160,000 ',' $ -120,000 ',' $ -80,000 ',' $ -40,000 ',20,'P9',' $ 20,000.00 '),
('R10','Typhoon','Typhoon','Mumbai','Typhoon-Mumbai','A2',' $ -200,000 ',' $ -160,000 ',' $ -120,000 ',' $ -80,000 ',' $ -40,000 ',30,'P10',' $ 20,000.00 '),
('R11','Thunderstorms, Tornados & Hail','Thunderstorms, Tornados & Hail','Mumbai','Thunderstorms, Tornados & Hail-Mumbai','A4',' $ -700,000 ',' $ -630,000 ',' $ -560,000 ',' $ -490,000 ',' $ -420,000 ',15,'P11',' $ 70,000.00 '),
('R12','Tsunami','Tsunami','Mumbai','Tsunami-Mumbai','A4',' $ -700,000 ',' $ -630,000 ',' $ -560,000 ',' $ -490,000 ',' $ -420,000 ',14,'P12',' $ 70,000.00 '),
('R13','High tide and high rainfalls leading to large floods','Flood','Mumbai','Flood-Mumbai','A6',' $ -400,000 ',' $ -320,000 ',' $ -240,000 ',' $ -160,000 ',' $ -80,000 ',17,'P13',' $ 40,000.00 '),
('R14','Earthquake','Earthquake','Mumbai','Earthquake-Mumbai','A6',' $ -400,000 ',' $ -320,000 ',' $ -240,000 ',' $ -160,000 ',' $ -80,000 ',20,'P14',' $ 40,000.00 '),
('R15','Terror Attack','Terror Attack','Mumbai','Terror Attack-Mumbai','A4',' $ -700,000 ',' $ -630,000 ',' $ -560,000 ',' $ -490,000 ',' $ -420,000 ',NULL,'P15',' $ 70,000.00 '),
('R16','Typhoon','Typhoon','Mumbai','Typhoon-Mumbai','A6',' $ -400,000 ',' $ -320,000 ',' $ -240,000 ',' $ -160,000 ',' $ -80,000 ',30,'P16',' $ 40,000.00 '),
('R17','Thunderstorms, Tornados & Hail','Thunderstorms, Tornados & Hail','Mumbai','Thunderstorms, Tornados & Hail-Mumbai','A6',' $ -400,000 ',' $ -320,000 ',' $ -240,000 ',' $ -160,000 ',' $ -80,000 ',15,'P17',' $ 40,000.00 '),
('R18','Tsunami','Tsunami','Mumbai','Tsunami-Mumbai','A6',' $ -400,000 ',' $ -320,000 ',' $ -240,000 ',' $ -160,000 ',' $ -80,000 ',14,'P18',' $ 40,000.00 '),
('R19','High tide and high rainfalls leading to large floods','Flood','Mumbai','Flood-Mumbai','A7',' $ -800,000 ',' $ -720,000 ',' $ -640,000 ',' $ -560,000 ',' $ -480,000 ',17,'P19',' $ 80,000.00 '),
('R20','Earthquake','Earthquake','Mumbai','Earthquake-Mumbai','A8',' $ -300,000 ',' $ -240,000 ',' $ -180,000 ',' $ -120,000 ',' $ -60,000 ',20,'P20',' $ 30,000.00 '),
('R21','Fire','Fire','Mumbai','Fire-Mumbai','A7',' $ -800,000 ',' $ -720,000 ',' $ -640,000 ',' $ -560,000 ',' $ -480,000 ',20,'P21',' $ 80,000.00 '),
('R22','Typhoon','Typhoon','Mumbai','Typhoon-Mumbai','A8',' $ -300,000 ',' $ -240,000 ',' $ -180,000 ',' $ -120,000 ',' $ -60,000 ',30,'P22',' $ 30,000.00 '),
('R23','Thunderstorms, Tornados & Hail','Thunderstorms, Tornados & Hail','Mumbai','Thunderstorms, Tornados & Hail-Mumbai','A8',' $ -300,000 ',' $ -240,000 ',' $ -180,000 ',' $ -120,000 ',' $ -60,000 ',15,'P23',' $ 30,000.00 '),
('R24','Tsunami','Tsunami','Mumbai','Tsunami-Mumbai','A8',' $ -300,000 ',' $ -240,000 ',' $ -180,000 ',' $ -120,000 ',' $ -60,000 ',14,'P24',' $ 30,000.00 '),
('R25','High tide and high rainfalls leading to large floods','Flood','Mumbai','Flood-Mumbai','A9',' $ -300,000 ',' $ -270,000 ',' $ -240,000 ',' $ -210,000 ',' $ -180,000 ',17,'P25',' $ 30,000.00 '),
('R26','Earthquake','Earthquake','Mumbai','Earthquake-Mumbai','A9',' $ -300,000 ',' $ -270,000 ',' $ -240,000 ',' $ -210,000 ',' $ -180,000 ',20,'P26',' $ 30,000.00 '),
('R27','Fire','Fire','Mumbai','Fire-Mumbai','A9',' $ -300,000 ',' $ -270,000 ',' $ -240,000 ',' $ -210,000 ',' $ -180,000 ',20,'P27',' $ 30,000.00 '),
('R28','Typhoon','Typhoon','Mumbai','Typhoon-Mumbai','A9',' $ -300,000 ',' $ -270,000 ',' $ -240,000 ',' $ -210,000 ',' $ -180,000 ',30,'P28',' $ 30,000.00 '),
('R29','Thunderstorms, Tornados & Hail','Thunderstorms, Tornados & Hail','Mumbai','Thunderstorms, Tornados & Hail-Mumbai','A9',' $ -300,000 ',' $ -270,000 ',' $ -240,000 ',' $ -210,000 ',' $ -180,000 ',15,'P29',' $ 30,000.00 '),
('R30','Tsunami','Tsunami','Mumbai','Tsunami-Mumbai','A9',' $ -300,000 ',' $ -270,000 ',' $ -240,000 ',' $ -210,000 ',' $ -180,000 ',14,'P30',' $ 30,000.00 '),
('R31','High tide and high rainfalls leading to large floods','Flood','Mumbai','Flood-Mumbai','A10',' $ -400,000 ',' $ -320,000 ',' $ -240,000 ',' $ -160,000 ',' $ -80,000 ',17,'P31',' $ 40,000.00 '),
('R32','Earthquake','Earthquake','Mumbai','Earthquake-Mumbai','A10',' $ -400,000 ',' $ -320,000 ',' $ -240,000 ',' $ -160,000 ',' $ -80,000 ',20,'P32',' $ 40,000.00 '),
('R33','Fire','Fire','Mumbai','Fire-Mumbai','A10',' $ -400,000 ',' $ -320,000 ',' $ -240,000 ',' $ -160,000 ',' $ -80,000 ',20,'P33',' $ 40,000.00 '),
('R34','Terror Attack','Terror Attack','Mumbai','Terror Attack-Mumbai','A10',' $ -400,000 ',' $ -320,000 ',' $ -240,000 ',' $ -160,000 ',' $ -80,000 ',NULL,'P34',' $ 40,000.00 '),
('R35','Thunderstorms, Tornados & Hail','Thunderstorms, Tornados & Hail','Mumbai','Thunderstorms, Tornados & Hail-Mumbai','A10',' $ -400,000 ',' $ -320,000 ',' $ -240,000 ',' $ -160,000 ',' $ -80,000 ',15,'P35',' $ 40,000.00 '),
('R36','Tsunami','Tsunami','Mumbai','Tsunami-Mumbai','A10',' $ -400,000 ',' $ -320,000 ',' $ -240,000 ',' $ -160,000 ',' $ -80,000 ',14,'P36',' $ 40,000.00 '),
('R37','High tide and high rainfalls leading to large floods','Flood','Mumbai','Flood-Mumbai','A11',' $ -1,000,000 ',' $ -900,000 ',' $ -800,000 ',' $ -700,000 ',' $ -600,000 ',17,'P37',' $ 100,000.00 '),
('R38','Earthquake','Earthquake','Mumbai','Earthquake-Mumbai','A11',' $ -1,000,000 ',' $ -900,000 ',' $ -800,000 ',' $ -700,000 ',' $ -600,000 ',20,'P38',' $ 100,000.00 '),
('R39','Fire','Fire','Mumbai','Fire-Mumbai','A11',' $ -1,000,000 ',' $ -900,000 ',' $ -800,000 ',' $ -700,000 ',' $ -600,000 ',20,'P39',' $ 100,000.00 '),
('R40','Typhoon','Typhoon','Mumbai','Typhoon-Mumbai','A11',' $ -1,000,000 ',' $ -900,000 ',' $ -800,000 ',' $ -700,000 ',' $ -600,000 ',30,'P40',' $ 100,000.00 '),
('R41','Thunderstorms, Tornados & Hail','Thunderstorms, Tornados & Hail','Mumbai','Thunderstorms, Tornados & Hail-Mumbai','A11',' $ -1,000,000 ',' $ -900,000 ',' $ -800,000 ',' $ -700,000 ',' $ -600,000 ',15,'P41',' $ 100,000.00 '),
('R42','Tsunami','Tsunami','Mumbai','Tsunami-Mumbai','A11',' $ -1,000,000 ',' $ -900,000 ',' $ -800,000 ',' $ -700,000 ',' $ -600,000 ',14,'P42',' $ 100,000.00 '),
('R43','High tide and high rainfalls leading to large floods','Flood','Mumbai','Flood-Mumbai','A12',' $ -500,000 ',' $ -375,000 ',' $ -250,000 ',' $ -125,000 ',' $ -   ',17,'P43',' $ 50,000.00 '),
('R44','Earthquake','Earthquake','Mumbai','Earthquake-Mumbai','A12',' $ -500,000 ',' $ -375,000 ',' $ -250,000 ',' $ -125,000 ',' $ -   ',20,'P44',' $ 50,000.00 '),
('R45','Fire','Fire','Mumbai','Fire-Mumbai','A12',' $ -500,000 ',' $ -375,000 ',' $ -250,000 ',' $ -125,000 ',' $ -   ',20,'P45',' $ 50,000.00 '),
('R46','Typhoon','Typhoon','Mumbai','Typhoon-Mumbai','A12',' $ -500,000 ',' $ -375,000 ',' $ -250,000 ',' $ -125,000 ',' $ -   ',30,'P46',' $ 50,000.00 '),
('R47','Thunderstorms, Tornados & Hail','Thunderstorms, Tornados & Hail','Mumbai','Thunderstorms, Tornados & Hail-Mumbai','A12',' $ -500,000 ',' $ -375,000 ',' $ -250,000 ',' $ -125,000 ',' $ -   ',15,'P47',' $ 50,000.00 '),
('R48','Tsunami','Tsunami','Mumbai','Tsunami-Mumbai','A12',' $ -500,000 ',' $ -375,000 ',' $ -250,000 ',' $ -125,000 ',' $ -   ',14,'P48',' $ 50,000.00 '),
('R49','High tide and high rainfalls leading to large floods','Flood','Mumbai','Flood-Mumbai','A13',' $ -200,000 ',' $ -160,000 ',' $ -120,000 ',' $ -80,000 ',' $ -40,000 ',17,'P49',' $ 20,000.00 '),
('R50','Earthquake','Earthquake','Mumbai','Earthquake-Mumbai','A13',' $ -200,000 ',' $ -160,000 ',' $ -120,000 ',' $ -80,000 ',' $ -40,000 ',20,'P50',' $ 20,000.00 '),
('R51','Fire','Fire','Mumbai','Fire-Mumbai','A13',' $ -200,000 ',' $ -160,000 ',' $ -120,000 ',' $ -80,000 ',' $ -40,000 ',20,'P51',' $ 20,000.00 '),
('R52','Typhoon','Typhoon','Mumbai','Typhoon-Mumbai','A13',' $ -200,000 ',' $ -160,000 ',' $ -120,000 ',' $ -80,000 ',' $ -40,000 ',30,'P52',' $ 20,000.00 '),
('R53','Thunderstorms, Tornados & Hail','Thunderstorms, Tornados & Hail','Mumbai','Thunderstorms, Tornados & Hail-Mumbai','A13',' $ -200,000 ',' $ -160,000 ',' $ -120,000 ',' $ -80,000 ',' $ -40,000 ',15,'P53',' $ 20,000.00 '),
('R54','Tsunami','Tsunami','Mumbai','Tsunami-Mumbai','A13',' $ -200,000 ',' $ -160,000 ',' $ -120,000 ',' $ -80,000 ',' $ -40,000 ',14,'P54',' $ 20,000.00 '),
('R55','High tide and high rainfalls leading to large floods','Flood','Mumbai','Flood-Mumbai','A14',' $ -300,000 ',' $ -240,000 ',' $ -180,000 ',' $ -120,000 ',' $ -60,000 ',17,'P55',' $ 30,000.00 '),
('R56','Earthquake','Earthquake','Mumbai','Earthquake-Mumbai','A14',' $ -300,000 ',' $ -240,000 ',' $ -180,000 ',' $ -120,000 ',' $ -60,000 ',20,'P56',' $ 30,000.00 '),
('R57','Fire','Fire','Mumbai','Fire-Mumbai','A14',' $ -300,000 ',' $ -240,000 ',' $ -180,000 ',' $ -120,000 ',' $ -60,000 ',20,'P57',' $ 30,000.00 '),
('R58','Typhoon','Typhoon','Mumbai','Typhoon-Mumbai','A14',' $ -300,000 ',' $ -240,000 ',' $ -180,000 ',' $ -120,000 ',' $ -60,000 ',30,'P58',' $ 30,000.00 '),
('R59','Thunderstorms, Tornados & Hail','Thunderstorms, Tornados & Hail','Mumbai','Thunderstorms, Tornados & Hail-Mumbai','A14',' $ -300,000 ',' $ -240,000 ',' $ -180,000 ',' $ -120,000 ',' $ -60,000 ',15,'P59',' $ 30,000.00 '),
('R60','Tsunami','Tsunami','Mumbai','Tsunami-Mumbai','A14',' $ -300,000 ',' $ -240,000 ',' $ -180,000 ',' $ -120,000 ',' $ -60,000 ',14,'P60',' $ 30,000.00 '),
('R61','High tide and high rainfalls leading to large floods','Flood','Mumbai','Flood-Mumbai','A15',' $ -200,000 ',' $ -150,000 ',' $ -100,000 ',' $ -50,000 ',' $ -   ',17,'P61',' $ 20,000.00 '),
('R62','Earthquake','Earthquake','Mumbai','Earthquake-Mumbai','A15',' $ -200,000 ',' $ -150,000 ',' $ -100,000 ',' $ -50,000 ',' $ -   ',20,'P62',' $ 20,000.00 '),
('R63','Fire','Fire','Mumbai','Fire-Mumbai','A15',' $ -200,000 ',' $ -150,000 ',' $ -100,000 ',' $ -50,000 ',' $ -   ',20,'P63',' $ 20,000.00 '),
('R64','Typhoon','Typhoon','Mumbai','Typhoon-Mumbai','A15',' $ -200,000 ',' $ -150,000 ',' $ -100,000 ',' $ -50,000 ',' $ -   ',30,'P64',' $ 20,000.00 '),
('R65','Thunderstorms, Tornados & Hail','Thunderstorms, Tornados & Hail','Mumbai','Thunderstorms, Tornados & Hail-Mumbai','A15',' $ -200,000 ',' $ -150,000 ',' $ -100,000 ',' $ -50,000 ',' $ -   ',15,'P65',' $ 20,000.00 '),
('R66','Tsunami','Tsunami','Mumbai','Tsunami-Mumbai','A15',' $ -200,000 ',' $ -150,000 ',' $ -100,000 ',' $ -50,000 ',' $ -   ',14,'P66',' $ 20,000.00 '),
('R67','Hurricane-Typhoon ','Hurricane-Typhoon ','Germany','Hurricane-Typhoon -Germany','A16',' $ -300,000 ',' $ -270,000 ',' $ -240,000 ',' $ -210,000 ',' $ -180,000 ',15,'P67',' $ 30,000.00 '),
('R68','Earthquake','Earthquake','Germany','Earthquake-Germany','A16',' $ -300,000 ',' $ -270,000 ',' $ -240,000 ',' $ -210,000 ',' $ -180,000 ',10,'P68',' $ 30,000.00 '),
('R69','Fire','Fire','Germany','Fire-Germany','A16',' $ -300,000 ',' $ -270,000 ',' $ -240,000 ',' $ -210,000 ',' $ -180,000 ',25,'P69',' $ 30,000.00 '),
('R70','Thunderstorms, Tornados & Hail','Thunderstorms, Tornados & Hail','Germany','Thunderstorms, Tornados & Hail-Germany','A16',' $ -300,000 ',' $ -270,000 ',' $ -240,000 ',' $ -210,000 ',' $ -180,000 ',30,'P70',' $ 30,000.00 '),
('R71','Hurricane-Typhoon ','Hurricane-Typhoon ','Germany','Hurricane-Typhoon -Germany','A19',' $ -500,000 ',' $ -450,000 ',' $ -400,000 ',' $ -350,000 ',' $ -300,000 ',15,'P71',' $ 50,000.00 '),
('R72','Earthquake','Earthquake','Germany','Earthquake-Germany','A19',' $ -500,000 ',' $ -450,000 ',' $ -400,000 ',' $ -350,000 ',' $ -300,000 ',10,'P72',' $ 50,000.00 '),
('R73','Fire','Fire','Germany','Fire-Germany','A19',' $ -500,000 ',' $ -450,000 ',' $ -400,000 ',' $ -350,000 ',' $ -300,000 ',25,'P73',' $ 50,000.00 '),
('R74','Thunderstorms, Tornados & Hail','Thunderstorms, Tornados & Hail','Germany','Thunderstorms, Tornados & Hail-Germany','A19',' $ -500,000 ',' $ -450,000 ',' $ -400,000 ',' $ -350,000 ',' $ -300,000 ',30,'P74',' $ 50,000.00 '),
('R75','Hurricane-Typhoon ','Hurricane-Typhoon ','Germany','Hurricane-Typhoon -Germany','A22',' $ -1,000,000 ',' $ -900,000 ',' $ -800,000 ',' $ -700,000 ',' $ -600,000 ',15,'P75',' $ 100,000.00 '),
('R76','Earthquake','Earthquake','Germany','Earthquake-Germany','A22',' $ -1,000,000 ',' $ -900,000 ',' $ -800,000 ',' $ -700,000 ',' $ -600,000 ',10,'P76',' $ 100,000.00 '),
('R77','Fire','Fire','Germany','Fire-Germany','A22',' $ -1,000,000 ',' $ -900,000 ',' $ -800,000 ',' $ -700,000 ',' $ -600,000 ',25,'P77',' $ 100,000.00 '),
('R78','Thunderstorms, Tornados & Hail','Thunderstorms, Tornados & Hail','Germany','Thunderstorms, Tornados & Hail-Germany','A22',' $ -1,000,000 ',' $ -900,000 ',' $ -800,000 ',' $ -700,000 ',' $ -600,000 ',30,'P78',' $ 100,000.00 '),
('R79','Hurricane-Typhoon ','Hurricane-Typhoon ','Germany','Hurricane-Typhoon -Germany','A23',' $ -300,000 ',' $ -240,000 ',' $ -180,000 ',' $ -120,000 ',' $ -60,000 ',15,'P79',' $ 30,000.00 '),
('R80','Earthquake','Earthquake','Germany','Earthquake-Germany','A23',' $ -300,000 ',' $ -240,000 ',' $ -180,000 ',' $ -120,000 ',' $ -60,000 ',10,'P80',' $ 30,000.00 '),
('R81','Fire','Fire','Germany','Fire-Germany','A23',' $ -300,000 ',' $ -240,000 ',' $ -180,000 ',' $ -120,000 ',' $ -60,000 ',25,'P81',' $ 30,000.00 '),
('R82','Thunderstorms, Tornados & Hail','Thunderstorms, Tornados & Hail','Germany','Thunderstorms, Tornados & Hail-Germany','A23',' $ -300,000 ',' $ -240,000 ',' $ -180,000 ',' $ -120,000 ',' $ -60,000 ',30,'P82',' $ 30,000.00 '),
('R83','Hurricane-Typhoon ','Hurricane-Typhoon ','Germany','Hurricane-Typhoon -Germany','A25',' $ -300,000 ',' $ -240,000 ',' $ -180,000 ',' $ -120,000 ',' $ -60,000 ',15,'P83',' $ 30,000.00 '),
('R84','Earthquake','Earthquake','Germany','Earthquake-Germany','A25',' $ -300,000 ',' $ -240,000 ',' $ -180,000 ',' $ -120,000 ',' $ -60,000 ',10,'P84',' $ 30,000.00 '),
('R85','Fire','Fire','Germany','Fire-Germany','A25',' $ -300,000 ',' $ -240,000 ',' $ -180,000 ',' $ -120,000 ',' $ -60,000 ',25,'P85',' $ 30,000.00 '),
('R86','Thunderstorms, Tornados & Hail','Thunderstorms, Tornados & Hail','Germany','Thunderstorms, Tornados & Hail-Germany','A25',' $ -300,000 ',' $ -240,000 ',' $ -180,000 ',' $ -120,000 ',' $ -60,000 ',30,'P86',' $ 30,000.00 '),
('R87','Hurricane-Typhoon ','Hurricane-Typhoon ','Germany','Hurricane-Typhoon -Germany','A28',' $ -400,000 ',' $ -320,000 ',' $ -240,000 ',' $ -160,000 ',' $ -80,000 ',15,'P87',' $ 40,000.00 '),
('R88','Earthquake','Earthquake','Germany','Earthquake-Germany','A28',' $ -400,000 ',' $ -320,000 ',' $ -240,000 ',' $ -160,000 ',' $ -80,000 ',10,'P88',' $ 40,000.00 '),
('R89','Fire','Fire','Germany','Fire-Germany','A28',' $ -400,000 ',' $ -320,000 ',' $ -240,000 ',' $ -160,000 ',' $ -80,000 ',25,'P89',' $ 40,000.00 '),
('R90','Thunderstorms, Tornados & Hail','Thunderstorms, Tornados & Hail','Germany','Thunderstorms, Tornados & Hail-Germany','A28',' $ -400,000 ',' $ -320,000 ',' $ -240,000 ',' $ -160,000 ',' $ -80,000 ',30,'P90',' $ 40,000.00 '),
('R91','Hurricane-Typhoon ','Hurricane-Typhoon ','Germany','Hurricane-Typhoon -Germany','A30',' $ -200,000 ',' $ -150,000 ',' $ -100,000 ',' $ -50,000 ',' $ -   ',15,'P91',' $ 20,000.00 '),
('R92','Earthquake','Earthquake','Germany','Earthquake-Germany','A30',' $ -200,000 ',' $ -150,000 ',' $ -100,000 ',' $ -50,000 ',' $ -   ',10,'P92',' $ 20,000.00 '),
('R93','Fire','Fire','Germany','Fire-Germany','A30',' $ -200,000 ',' $ -150,000 ',' $ -100,000 ',' $ -50,000 ',' $ -   ',25,'P93',' $ 20,000.00 '),
('R94','Thunderstorms, Tornados & Hail','Thunderstorms, Tornados & Hail','Germany','Thunderstorms, Tornados & Hail-Germany','A30',' $ -200,000 ',' $ -150,000 ',' $ -100,000 ',' $ -50,000 ',' $ -   ',30,'P94',' $ 20,000.00 '),
('R95','Extremely Dangerous Super Typhoon Haiyan (Yolanda) to Strike the Philippines ','Hurricane-Typhoon ','Manila','Hurricane-Typhoon -Manila','A34',' $ -400,000 ',' $ -360,000 ',' $ -320,000 ',' $ -280,000 ',' $ -240,000 ',20,'P95',' $ 40,000.00 '),
('R96','Earthquake','Earthquake','Manila','Earthquake-Manila','A34',' $ -400,000 ',' $ -360,000 ',' $ -320,000 ',' $ -280,000 ',' $ -240,000 ',10,'P96',' $ 40,000.00 '),
('R97','Fire','Fire','Manila','Fire-Manila','A34',' $ -400,000 ',' $ -360,000 ',' $ -320,000 ',' $ -280,000 ',' $ -240,000 ',40,'P97',' $ 40,000.00 '),
('R98','Earthquake','Earthquake','Manila','Earthquake-Manila','A33',' $ -400,000 ',' $ -360,000 ',' $ -320,000 ',' $ -280,000 ',' $ -240,000 ',10,'P98',' $ 40,000.00 '),
('R99','Fire','Fire','Manila','Fire-Manila','A33',' $ -400,000 ',' $ -360,000 ',' $ -320,000 ',' $ -280,000 ',' $ -240,000 ',40,'P99',' $ 40,000.00 '),
('R100','Typhoon Nari (Santi) ','Hurricane-Typhoon ','Manila','Hurricane-Typhoon -Manila','A36',' $ -300,000 ',' $ -240,000 ',' $ -180,000 ',' $ -120,000 ',' $ -60,000 ',20,'P100',' $ 30,000.00 '),
('R101','Earthquake','Earthquake','Manila','Earthquake-Manila','A38',' $ -500,000 ',' $ -400,000 ',' $ -300,000 ',' $ -200,000 ',' $ -100,000 ',10,'P101',' $ 50,000.00 '),
('R102','Fire','Fire','Manila','Fire-Manila','A40',' $ -300,000 ',' $ -240,000 ',' $ -180,000 ',' $ -120,000 ',' $ -60,000 ',40,'P102',' $ 30,000.00 '),
('R103','Typhoon Utor (Labuyo)','Hurricane-Typhoon ','Manila','Hurricane-Typhoon -Manila','A43',' $ -500,000 ',' $ -400,000 ',' $ -300,000 ',' $ -200,000 ',' $ -100,000 ',20,'P103',' $ 50,000.00 '),
('R104','Earthquake','Earthquake','Manila','Earthquake-Manila','A43',' $ -500,000 ',' $ -400,000 ',' $ -300,000 ',' $ -200,000 ',' $ -100,000 ',10,'P104',' $ 50,000.00 '),
('R105','Fire','Fire','Manila','Fire-Manila','A43',' $ -500,000 ',' $ -400,000 ',' $ -300,000 ',' $ -200,000 ',' $ -100,000 ',40,'P105',' $ 50,000.00 '),
('R106','Super Typhoon Usagi','Hurricane-Typhoon ','Manila','Hurricane-Typhoon -Manila','A45',' $ -300,000 ',' $ -225,000 ',' $ -150,000 ',' $ -75,000 ',' $ -   ',20,'P106',' $ 30,000.00 '),
('R107','Thunderstorms, Tornados & Hail','Thunderstorms, Tornados & Hail','San Francisco','Thunderstorms, Tornados & Hail-San Francisco','A47',' $ -600,000 ',' $ -480,000 ',' $ -360,000 ',' $ -240,000 ',' $ -120,000 ',18,'P107',' $ 60,000.00 '),
('R108','Hurricane-Typhoon ','Hurricane-Typhoon ','San Francisco','Hurricane-Typhoon -San Francisco','A47',' $ -600,000 ',' $ -480,000 ',' $ -360,000 ',' $ -240,000 ',' $ -120,000 ',26,'P108',' $ 60,000.00 '),
('R109','Earthquake','Earthquake','San Francisco','Earthquake-San Francisco','A47',' $ -600,000 ',' $ -480,000 ',' $ -360,000 ',' $ -240,000 ',' $ -120,000 ',15,'P109',' $ 60,000.00 '),
('R110','Thunderstorms, Tornados & Hail','Thunderstorms, Tornados & Hail','San Francisco','Thunderstorms, Tornados & Hail-San Francisco','A49',' $ -800,000 ',' $ -720,000 ',' $ -640,000 ',' $ -560,000 ',' $ -480,000 ',18,'P110',' $ 80,000.00 '),
('R111','Hurricane-Typhoon ','Hurricane-Typhoon ','San Francisco','Hurricane-Typhoon -San Francisco','A49',' $ -800,000 ',' $ -720,000 ',' $ -640,000 ',' $ -560,000 ',' $ -480,000 ',26,'P111',' $ 80,000.00 '),
('R112','Earthquake','Earthquake','San Francisco','Earthquake-San Francisco','A49',' $ -800,000 ',' $ -720,000 ',' $ -640,000 ',' $ -560,000 ',' $ -480,000 ',15,'P112',' $ 80,000.00 '),
('R113','Thunderstorms, Tornados & Hail','Thunderstorms, Tornados & Hail','San Francisco','Thunderstorms, Tornados & Hail-San Francisco','A53',' $ -500,000 ',' $ -400,000 ',' $ -300,000 ',' $ -200,000 ',' $ -100,000 ',18,'P113',' $ 50,000.00 '),
('R114','Hurricane-Typhoon ','Hurricane-Typhoon ','San Francisco','Hurricane-Typhoon -San Francisco','A53',' $ -500,000 ',' $ -400,000 ',' $ -300,000 ',' $ -200,000 ',' $ -100,000 ',26,'P114',' $ 50,000.00 '),
('R115','Earthquake','Earthquake','San Francisco','Earthquake-San Francisco','A53',' $ -500,000 ',' $ -400,000 ',' $ -300,000 ',' $ -200,000 ',' $ -100,000 ',15,'P115',' $ 50,000.00 '),
('R116','Thunderstorms, Tornados & Hail','Thunderstorms, Tornados & Hail','San Francisco','Thunderstorms, Tornados & Hail-San Francisco','A54',' $ -300,000 ',' $ -270,000 ',' $ -240,000 ',' $ -210,000 ',' $ -180,000 ',18,'P116',' $ 30,000.00 '),
('R117','Hurricane-Typhoon ','Hurricane-Typhoon ','San Francisco','Hurricane-Typhoon -San Francisco','A55',' $ -500,000 ',' $ -400,000 ',' $ -300,000 ',' $ -200,000 ',' $ -100,000 ',26,'P117',' $ 50,000.00 '),
('R118','Earthquake','Earthquake','San Francisco','Earthquake-San Francisco','A60',' $ -400,000 ',' $ -300,000 ',' $ -200,000 ',' $ -100,000 ',' $ -   ',15,'P118',' $ 40,000.00 '),
('R119','Hurricane-Typhoon ','Hurricane-Typhoon ','San Francisco','Hurricane-Typhoon -San Francisco','A58',' $ -200,000 ',' $ -160,000 ',' $ -120,000 ',' $ -80,000 ',' $ -40,000 ',26,'P119',' $ 20,000.00 '),
('R120','Thunderstorms, Tornados & Hail','Thunderstorms, Tornados & Hail','Calgary','Thunderstorms, Tornados & Hail-Calgary','A64',' $ -1,000,000 ',' $ -900,000 ',' $ -800,000 ',' $ -700,000 ',' $ -600,000 ',25,'P120',' $ 100,000.00 '),
('R121','Hurricane-Typhoon ','Hurricane-Typhoon ','Calgary','Hurricane-Typhoon -Calgary','A64',' $ -1,000,000 ',' $ -900,000 ',' $ -800,000 ',' $ -700,000 ',' $ -600,000 ',20,'P121',' $ 100,000.00 '),
('R122','Earthquake','Earthquake','Calgary','Earthquake-Calgary','A64',' $ -1,000,000 ',' $ -900,000 ',' $ -800,000 ',' $ -700,000 ',' $ -600,000 ',10,'P122',' $ 100,000.00 '),
('R123','Thunderstorms, Tornados & Hail','Thunderstorms, Tornados & Hail','Calgary','Thunderstorms, Tornados & Hail-Calgary','A67',' $ -1,100,000 ',' $ -990,000 ',' $ -880,000 ',' $ -770,000 ',' $ -660,000 ',25,'P123',' $ 110,000.00 '),
('R124','Hurricane-Typhoon ','Hurricane-Typhoon ','Calgary','Hurricane-Typhoon -Calgary','A68',' $ -300,000 ',' $ -240,000 ',' $ -180,000 ',' $ -120,000 ',' $ -60,000 ',20,'P124',' $ 30,000.00 '),
('R125','Earthquake','Earthquake','Calgary','Earthquake-Calgary','A69',' $ -300,000 ',' $ -270,000 ',' $ -240,000 ',' $ -210,000 ',' $ -180,000 ',10,'P125',' $ 30,000.00 '),
('R126','Thunderstorms, Tornados & Hail','Thunderstorms, Tornados & Hail','Calgary','Thunderstorms, Tornados & Hail-Calgary','A71',' $ -1,000,000 ',' $ -900,000 ',' $ -800,000 ',' $ -700,000 ',' $ -600,000 ',25,'P126',' $ 100,000.00 '),
('R127','Hurricane-Typhoon ','Hurricane-Typhoon ','Calgary','Hurricane-Typhoon -Calgary','A72',' $ -500,000 ',' $ -375,000 ',' $ -250,000 ',' $ -125,000 ',' $ -   ',20,'P127',' $ 50,000.00 '),
('R128','Earthquake','Earthquake','Calgary','Earthquake-Calgary','A73',' $ -200,000 ',' $ -160,000 ',' $ -120,000 ',' $ -80,000 ',' $ -40,000 ',10,'P128',' $ 20,000.00 '),
('R129','Thunderstorms, Tornados & Hail','Thunderstorms, Tornados & Hail','Calgary','Thunderstorms, Tornados & Hail-Calgary','A75',' $ -200,000 ',' $ -150,000 ',' $ -100,000 ',' $ -50,000 ',' $ -   ',25,'P129',' $ 20,000.00 '),
('R130','Hurricane-Typhoon ','Hurricane-Typhoon ','Calgary','Hurricane-Typhoon -Calgary','A67',' $ -1,100,000 ',' $ -990,000 ',' $ -880,000 ',' $ -770,000 ',' $ -660,000 ',20,'P130',' $ 110,000.00 '),
('R131','Earthquake','Earthquake','Calgary','Earthquake-Calgary','A68',' $ -300,000 ',' $ -240,000 ',' $ -180,000 ',' $ -120,000 ',' $ -60,000 ',10,'P131',' $ 30,000.00 '),
('R132','Hurricane-Typhoon ','Hurricane-Typhoon ','Calgary','Hurricane-Typhoon -Calgary','A73',' $ -200,000 ',' $ -160,000 ',' $ -120,000 ',' $ -80,000 ',' $ -40,000 ',20,'P132',' $ 20,000.00 '),
('R133','Tropical Storm Manuel','Thunderstorms, Tornados & Tropical storms','Gulf of Mexico','Thunderstorms, Tornados & Tropical storms-Gulf of Mexico','A78',' $ -400,000 ',' $ -360,000 ',' $ -320,000 ',' $ -280,000 ',' $ -240,000 ',17,'P133',' $ 40,000.00 '),
('R134','Hurricane Ingrid','Hurricane-Typhoon ','Gulf of Mexico','Hurricane-Typhoon -Gulf of Mexico','A79',' $ -500,000 ',' $ -450,000 ',' $ -400,000 ',' $ -350,000 ',' $ -300,000 ',24,'P134',' $ 50,000.00 '),
('R135','Tropical Storm Lorena','Thunderstorms, Tornados & Tropical storms','Gulf of Mexico','Thunderstorms, Tornados & Tropical storms-Gulf of Mexico','A81',' $ -200,000 ',' $ -160,000 ',' $ -120,000 ',' $ -80,000 ',' $ -40,000 ',17,'P135',' $ 20,000.00 '),
('R136','Tropical Storm Kong-Rey','Thunderstorms, Tornados & Tropical storms','Gulf of Mexico','Thunderstorms, Tornados & Tropical storms-Gulf of Mexico','A83',' $ -300,000 ',' $ -240,000 ',' $ -180,000 ',' $ -120,000 ',' $ -60,000 ',17,'P136',' $ 30,000.00 '),
('R137','Tropical Storm Fernand','Thunderstorms, Tornados & Tropical storms','Gulf of Mexico','Thunderstorms, Tornados & Tropical storms-Gulf of Mexico','A88',' $ -500,000 ',' $ -400,000 ',' $ -300,000 ',' $ -200,000 ',' $ -100,000 ',17,'P137',' $ 50,000.00 '),
('R138','Earthquake','Earthquake','Gulf of Mexico','Earthquake-Gulf of Mexico','A90',' $ -600,000 ',' $ -450,000 ',' $ -300,000 ',' $ -150,000 ',' $ -   ',10,'P138',' $ 60,000.00 '),
('R139','Thunderstorms, Tornados & Hail','Thunderstorms, Tornados & Hail','Tokyo','Thunderstorms, Tornados & Hail-Tokyo','A93',' $ -400,000 ',' $ -360,000 ',' $ -320,000 ',' $ -280,000 ',' $ -240,000 ',25,'P139',' $ 40,000.00 '),
('R140','Hurricane-Typhoon ','Hurricane-Typhoon ','Tokyo','Hurricane-Typhoon -Tokyo','A93',' $ -400,000 ',' $ -360,000 ',' $ -320,000 ',' $ -280,000 ',' $ -240,000 ',20,'P140',' $ 40,000.00 '),
('R141','Earthquake','Earthquake','Tokyo','Earthquake-Tokyo','A93',' $ -400,000 ',' $ -360,000 ',' $ -320,000 ',' $ -280,000 ',' $ -240,000 ',30,'P141',' $ 40,000.00 '),
('R142','Thunderstorms, Tornados & Hail','Thunderstorms, Tornados & Hail','Tokyo','Thunderstorms, Tornados & Hail-Tokyo','A94',' $ -300,000 ',' $ -270,000 ',' $ -240,000 ',' $ -210,000 ',' $ -180,000 ',25,'P142',' $ 30,000.00 '),
('R143','Hurricane-Typhoon ','Hurricane-Typhoon ','Tokyo','Hurricane-Typhoon -Tokyo','A94',' $ -300,000 ',' $ -270,000 ',' $ -240,000 ',' $ -210,000 ',' $ -180,000 ',20,'P143',' $ 30,000.00 '),
('R144','Earthquake','Earthquake','Tokyo','Earthquake-Tokyo','A98',' $ -300,000 ',' $ -240,000 ',' $ -180,000 ',' $ -120,000 ',' $ -60,000 ',30,'P144',' $ 30,000.00 '),
('R145','Thunderstorms, Tornados & Hail','Thunderstorms, Tornados & Hail','Tokyo','Thunderstorms, Tornados & Hail-Tokyo','A99',' $ -300,000 ',' $ -270,000 ',' $ -240,000 ',' $ -210,000 ',' $ -180,000 ',25,'P145',' $ 30,000.00 '),
('R146','Fire','Fire','Tokyo','Fire-Tokyo','A103',' $ -200,000 ',' $ -160,000 ',' $ -120,000 ',' $ -80,000 ',' $ -40,000 ',22,'P146',' $ 20,000.00 '),
('R147','Earthquake','Earthquake','Tokyo','Earthquake-Tokyo','A103',' $ -200,000 ',' $ -160,000 ',' $ -120,000 ',' $ -80,000 ',' $ -40,000 ',30,'P147',' $ 20,000.00 '),
('R148','Thunderstorms, Tornados & Hail','Thunderstorms, Tornados & Hail','Tokyo','Thunderstorms, Tornados & Hail-Tokyo','A105',' $ -400,000 ',' $ -300,000 ',' $ -200,000 ',' $ -100,000 ',' $ -   ',25,'P148',' $ 40,000.00 '),
('R149','Hurricane-Typhoon ','Hurricane-Typhoon ','Tokyo','Hurricane-Typhoon -Tokyo','A105',' $ -400,000 ',' $ -300,000 ',' $ -200,000 ',' $ -100,000 ',' $ -   ',20,'P149',' $ 40,000.00 '),
('R150','Earthquake','Earthquake','Tokyo','Earthquake-Tokyo','A105',' $ -400,000 ',' $ -300,000 ',' $ -200,000 ',' $ -100,000 ',' $ -   ',30,'P150',' $ 40,000.00 '),
('R151','Fire','Fire','Tokyo','Fire-Tokyo','A94',' $ -300,000 ',' $ -270,000 ',' $ -240,000 ',' $ -210,000 ',' $ -180,000 ',22,'P151',' $ 30,000.00 '),
('R152','Thunderstorms, Tornados & Hail','Thunderstorms, Tornados & Hail','Tokyo','Thunderstorms, Tornados & Hail-Tokyo','A98',' $ -300,000 ',' $ -240,000 ',' $ -180,000 ',' $ -120,000 ',' $ -60,000 ',25,'P152',' $ 30,000.00 '),
('R153','Tropical Storm Danas','Tropical Storm','Tokyo','Tropical Storm-Tokyo','A99',' $ -300,000 ',' $ -270,000 ',' $ -240,000 ',' $ -210,000 ',' $ -180,000 ',10,'P153',' $ 30,000.00 '),
('R154','Earthquake','Earthquake','Tokyo','Earthquake-Tokyo','A98',' $ -300,000 ',' $ -240,000 ',' $ -180,000 ',' $ -120,000 ',' $ -60,000 ',30,'P154',' $ 30,000.00 '),
('R155','Fire','Fire','Tokyo','Fire-Tokyo','A99',' $ -300,000 ',' $ -270,000 ',' $ -240,000 ',' $ -210,000 ',' $ -180,000 ',22,'P155',' $ 30,000.00 '),
('R156','Fire','Fire','Tokyo','Fire-Tokyo','A98',' $ -300,000 ',' $ -240,000 ',' $ -180,000 ',' $ -120,000 ',' $ -60,000 ',22,'P156',' $ 30,000.00 '),
('R157','Tropical Storm Chantal','Thunderstorms, Tornados & Tropical storms','Caribbean Islands','Thunderstorms, Tornados & Tropical storms-Caribbean Islands','A109',' $ -400,000 ',' $ -360,000 ',' $ -320,000 ',' $ -280,000 ',' $ -240,000 ',15,'P157',' $ 40,000.00 '),
('R158','Tropical Storm Gabrielle','Thunderstorms, Tornados & Tropical storms','Caribbean Islands','Thunderstorms, Tornados & Tropical storms-Caribbean Islands','A109',' $ -400,000 ',' $ -360,000 ',' $ -320,000 ',' $ -280,000 ',' $ -240,000 ',15,'P158',' $ 40,000.00 '),
('R159','Typhoon Wutip (Paolo)','Thunderstorms, Tornados & Tropical storms','Caribbean Islands','Thunderstorms, Tornados & Tropical storms-Caribbean Islands','A113',' $ -600,000 ',' $ -480,000 ',' $ -360,000 ',' $ -240,000 ',' $ -120,000 ',15,'P159',' $ 60,000.00 '),
('R160','Earthquake','Earthquake','Caribbean Islands','Earthquake-Caribbean Islands','A113',' $ -600,000 ',' $ -480,000 ',' $ -360,000 ',' $ -240,000 ',' $ -120,000 ',25,'P160',' $ 60,000.00 '),
('R161','Thunderstorms, Tornados & Hail','Thunderstorms, Tornados & Hail','Caribbean Islands','Thunderstorms, Tornados & Hail-Caribbean Islands','A113',' $ -600,000 ',' $ -480,000 ',' $ -360,000 ',' $ -240,000 ',' $ -120,000 ',22,'P161',' $ 60,000.00 '),
('R162','Tropical Storm Humberto','Thunderstorms, Tornados & Tropical storms','Caribbean Islands','Thunderstorms, Tornados & Tropical storms-Caribbean Islands','A109',' $ -400,000 ',' $ -360,000 ',' $ -320,000 ',' $ -280,000 ',' $ -240,000 ',15,'P162',' $ 40,000.00 '),
('R163','Earthquake','Earthquake','Caribbean Islands','Earthquake-Caribbean Islands','A118',' $ -600,000 ',' $ -480,000 ',' $ -360,000 ',' $ -240,000 ',' $ -120,000 ',25,'P163',' $ 60,000.00 '),
('R164','Hurricane-Typhoon ','Hurricane-Typhoon ','Caribbean Islands','Hurricane-Typhoon -Caribbean Islands','A118',' $ -600,000 ',' $ -480,000 ',' $ -360,000 ',' $ -240,000 ',' $ -120,000 ',15,'P164',' $ 60,000.00 '),
('R165','Thunderstorms, Tornados & Hail','Thunderstorms, Tornados & Hail','Caribbean Islands','Thunderstorms, Tornados & Hail-Caribbean Islands','A118',' $ -600,000 ',' $ -480,000 ',' $ -360,000 ',' $ -240,000 ',' $ -120,000 ',22,'P165',' $ 60,000.00 '),
('R166','Hurricane-Typhoon ','Hurricane-Typhoon ','Caribbean Islands','Hurricane-Typhoon -Caribbean Islands','A120',' $ -200,000 ',' $ -150,000 ',' $ -100,000 ',' $ -50,000 ',' $ -   ',15,'P166',' $ 20,000.00 '),
('R167','Earthquake','Earthquake','Caribbean Islands','Earthquake-Caribbean Islands','A120',' $ -200,000 ',' $ -150,000 ',' $ -100,000 ',' $ -50,000 ',' $ -   ',25,'P167',' $ 20,000.00 '),
('R168','Fire','Fire','Caribbean Islands','Fire-Caribbean Islands','A120',' $ -200,000 ',' $ -150,000 ',' $ -100,000 ',' $ -50,000 ',' $ -   ',14,'P168',' $ 20,000.00 '),
('R169','Tropical Storm Chantal','Tropical Storm','Caribbean Islands','Tropical Storm-Caribbean Islands','A120',' $ -200,000 ',' $ -150,000 ',' $ -100,000 ',' $ -50,000 ',' $ -   ',14,'P169',' $ 20,000.00 '),
('R170','Earthquake','Earthquake','Texas','Earthquake-Texas','A124',' $ -1,200,000 ',' $ -1,080,000 ',' $ -960,000 ',' $ -840,000 ',' $ -720,000 ',22,'P173',' $ 120,000.00 '),
('R171','Thunderstorms, Tornados & Hail','Thunderstorms, Tornados & Hail','Texas','Thunderstorms, Tornados & Hail-Texas','A124',' $ -1,200,000 ',' $ -1,080,000 ',' $ -960,000 ',' $ -840,000 ',' $ -720,000 ',15,'P174',' $ 120,000.00 '),
('R172','Hurricane-Typhoon ','Hurricane-Typhoon ','Texas','Hurricane-Typhoon -Texas','A124',' $ -1,200,000 ',' $ -1,080,000 ',' $ -960,000 ',' $ -840,000 ',' $ -720,000 ',16,'P175',' $ 120,000.00 '),
('R173','Earthquake','Earthquake','Texas','Earthquake-Texas','A127',' $ -1,000,000 ',' $ -900,000 ',' $ -800,000 ',' $ -700,000 ',' $ -600,000 ',22,'P176',' $ 100,000.00 '),
('R174','Hurricane-Typhoon ','Hurricane-Typhoon ','Texas','Hurricane-Typhoon -Texas','A128',' $ -300,000 ',' $ -240,000 ',' $ -180,000 ',' $ -120,000 ',' $ -60,000 ',16,'P177',' $ 30,000.00 '),
('R175','Thunderstorms, Tornados & Hail','Thunderstorms, Tornados & Hail','Texas','Thunderstorms, Tornados & Hail-Texas','A131',' $ -1,000,000 ',' $ -900,000 ',' $ -800,000 ',' $ -700,000 ',' $ -600,000 ',15,'P178',' $ 100,000.00 '),
('R176','Hurricane-Typhoon ','Hurricane-Typhoon ','Texas','Hurricane-Typhoon -Texas','A131',' $ -1,000,000 ',' $ -900,000 ',' $ -800,000 ',' $ -700,000 ',' $ -600,000 ',16,'P179',' $ 100,000.00 '),
('R177','Earthquake','Earthquake','Texas','Earthquake-Texas','A131',' $ -1,000,000 ',' $ -900,000 ',' $ -800,000 ',' $ -700,000 ',' $ -600,000 ',22,'P180',' $ 100,000.00 '),
('R178','Hurricane-Typhoon ','Hurricane-Typhoon ','Texas','Hurricane-Typhoon -Texas','A132',' $ -500,000 ',' $ -375,000 ',' $ -250,000 ',' $ -125,000 ',' $ -   ',16,'P181',' $ 50,000.00 '),
('R179','Thunderstorms, Tornados & Hail','Thunderstorms, Tornados & Hail','Texas','Thunderstorms, Tornados & Hail-Texas','A132',' $ -500,000 ',' $ -375,000 ',' $ -250,000 ',' $ -125,000 ',' $ -   ',15,'P182',' $ 50,000.00 '),
('R180','Hurricane-Typhoon ','Hurricane-Typhoon ','Texas','Hurricane-Typhoon -Texas','A133',' $ -200,000 ',' $ -160,000 ',' $ -120,000 ',' $ -80,000 ',' $ -40,000 ',16,'P183',' $ 20,000.00 '),
('R181','Earthquake','Earthquake','Texas','Earthquake-Texas','A135',' $ -200,000 ',' $ -150,000 ',' $ -100,000 ',' $ -50,000 ',' $ -   ',22,'P184',' $ 20,000.00 '),
('R182','Hurricane-Typhoon ','Hurricane-Typhoon ','Texas','Hurricane-Typhoon -Texas','A135',' $ -200,000 ',' $ -150,000 ',' $ -100,000 ',' $ -50,000 ',' $ -   ',16,'P185',' $ 20,000.00 ');


  CREATE TABLE Input_Sheet_Year1 (
    Policy_Code VARCHAR(4),
    Policy_Desciption_Perils_covered VARCHAR(250),
    Asset VARCHAR(4),
    Asset_Name VARCHAR(250),
    Premium VARCHAR(250),
    PolicySelection_Team1 int,
    PolicySelection_Team2 int,
    PolicySelection_Team3 int,
    PolicySelection_Team4 int,
    PolicySelection_Team5 int,
    PolicySelection_Team6 int,
    PolicySelection_Team7 int,
    PolicySelection_Team8 int,
    PolicySelection_Team9 int,
	PolicySelection_Team10 int,
    primary key(Policy_Code)
);
 
INSERT INTO Input_Sheet_Year1(Policy_Code,Policy_Desciption_Perils_covered,Asset, Asset_Name, Premium) VALUES ('P1','Flood-Mumbai','A1','Heavy Machinery-Mumbai',' $ 20,000 '),
	('P2','Earthquake-Mumbai','A1','Heavy Machinery-Mumbai',' $ 20,000 '),
	('P3','Fire-Mumbai','A1','Heavy Machinery-Mumbai',' $ 20,000 '),
	('P4','Typhoon-Mumbai','A1','Heavy Machinery-Mumbai',' $ 20,000 '),
	('P5','Thunderstorms, Tornados & Hail-Mumbai','A1','Heavy Machinery-Mumbai',' $ 20,000 '),
	('P6','Tsunami-Mumbai','A1','Heavy Machinery-Mumbai',' $ 20,000 '),
	('P7','Flood-Mumbai','A2','Heat Exchanger-Mumbai',' $ 20,000 '),
	('P8','Earthquake-Mumbai','A2','Heat Exchanger-Mumbai',' $ 20,000 '),
	('P9','Fire-Mumbai','A2','Heat Exchanger-Mumbai',' $ 20,000 '),
	('P10','Typhoon-Mumbai','A2','Heat Exchanger-Mumbai',' $ 20,000 '),
	('P11','Thunderstorms, Tornados & Hail-Mumbai','A4','Property (Office Locations)-Mumbai',' $ 70,000 '),
	('P12','Tsunami-Mumbai','A4','Property (Office Locations)-Mumbai',' $ 70,000 '),
	('P13','Flood-Mumbai','A6','Warehouse & Cold Storage-Mumbai',' $ 40,000 '),
	('P14','Earthquake-Mumbai','A6','Warehouse & Cold Storage-Mumbai',' $ 40,000 '),
	('P15','Terror Attack-Mumbai','A4','Property (Office Locations)-Mumbai',' $ 70,000 '),
	('P16','Typhoon-Mumbai','A6','Warehouse & Cold Storage-Mumbai',' $ 40,000 '),
	('P17','Thunderstorms, Tornados & Hail-Mumbai','A6','Warehouse & Cold Storage-Mumbai',' $ 40,000 '),
	('P18','Tsunami-Mumbai','A6','Warehouse & Cold Storage-Mumbai',' $ 40,000 '),
	('P19','Flood-Mumbai','A7','Hotels & Resorts-Mumbai',' $ 80,000 '),
	('P20','Earthquake-Mumbai','A8','Supermarkets & Malls-Mumbai',' $ 30,000 '),
	('P21','Fire-Mumbai','A7','Hotels & Resorts-Mumbai',' $ 80,000 '),
	('P22','Typhoon-Mumbai','A8','Supermarkets & Malls-Mumbai',' $ 30,000 '),
	('P23','Thunderstorms, Tornados & Hail-Mumbai','A8','Supermarkets & Malls-Mumbai',' $ 30,000 '),
	('P24','Tsunami-Mumbai','A8','Supermarkets & Malls-Mumbai',' $ 30,000 '),
	('P25','Flood-Mumbai','A9','Mines-Mumbai',' $ 30,000 '),
	('P26','Earthquake-Mumbai','A9','Mines-Mumbai',' $ 30,000 '),
	('P27','Fire-Mumbai','A9','Mines-Mumbai',' $ 30,000 '),
	('P28','Typhoon-Mumbai','A9','Mines-Mumbai',' $ 30,000 '),
	('P29','Thunderstorms, Tornados & Hail-Mumbai','A9','Mines-Mumbai',' $ 30,000 '),
	('P30','Tsunami-Mumbai','A9','Mines-Mumbai',' $ 30,000 '),
	('P31','Flood-Mumbai','A10','Power Plants-Mumbai',' $ 40,000 '),
	('P32','Earthquake-Mumbai','A10','Power Plants-Mumbai',' $ 40,000 '),
	('P33','Fire-Mumbai','A10','Power Plants-Mumbai',' $ 40,000 '),
	('P34','Terror Attack-Mumbai','A10','Power Plants-Mumbai',' $ 40,000 '),
	('P35','Thunderstorms, Tornados & Hail-Mumbai','A10','Power Plants-Mumbai',' $ 40,000 '),
	('P36','Tsunami-Mumbai','A10','Power Plants-Mumbai',' $ 40,000 '),
	('P37','Flood-Mumbai','A11','Oil Refineries-Mumbai',' $ 100,000 '),
	('P38','Earthquake-Mumbai','A11','Oil Refineries-Mumbai',' $ 100,000 '),
	('P39','Fire-Mumbai','A11','Oil Refineries-Mumbai',' $ 100,000 '),
	('P40','Typhoon-Mumbai','A11','Oil Refineries-Mumbai',' $ 100,000 '),
	('P41','Thunderstorms, Tornados & Hail-Mumbai','A11','Oil Refineries-Mumbai',' $ 100,000 '),
	('P42','Tsunami-Mumbai','A11','Oil Refineries-Mumbai',' $ 100,000 '),
	('P43','Flood-Mumbai','A12','Telecom Towers-Mumbai',' $ 50,000 '),
	('P44','Earthquake-Mumbai','A12','Telecom Towers-Mumbai',' $ 50,000 '),
	('P45','Fire-Mumbai','A12','Telecom Towers-Mumbai',' $ 50,000 '),
	('P46','Typhoon-Mumbai','A12','Telecom Towers-Mumbai',' $ 50,000 '),
	('P47','Thunderstorms, Tornados & Hail-Mumbai','A12','Telecom Towers-Mumbai',' $ 50,000 '),
	('P48','Tsunami-Mumbai','A12','Telecom Towers-Mumbai',' $ 50,000 '),
	('P49','Flood-Mumbai','A13','Aircrafts-Mumbai',' $ 20,000 '),
	('P50','Earthquake-Mumbai','A13','Aircrafts-Mumbai',' $ 20,000 '),
	('P51','Fire-Mumbai','A13','Aircrafts-Mumbai',' $ 20,000 '),
	('P52','Typhoon-Mumbai','A13','Aircrafts-Mumbai',' $ 20,000 '),
	('P53','Thunderstorms, Tornados & Hail-Mumbai','A13','Aircrafts-Mumbai',' $ 20,000 '),
	('P54','Tsunami-Mumbai','A13','Aircrafts-Mumbai',' $ 20,000 '),
	('P55','Flood-Mumbai','A14','Ships & Cargo-Mumbai',' $ 30,000 '),
	('P56','Earthquake-Mumbai','A14','Ships & Cargo-Mumbai',' $ 30,000 '),
	('P57','Fire-Mumbai','A14','Ships & Cargo-Mumbai',' $ 30,000 '),
	('P58','Typhoon-Mumbai','A14','Ships & Cargo-Mumbai',' $ 30,000 '),
	('P59','Thunderstorms, Tornados & Hail-Mumbai','A14','Ships & Cargo-Mumbai',' $ 30,000 '),
	('P60','Tsunami-Mumbai','A14','Ships & Cargo-Mumbai',' $ 30,000 '),
	('P61','Flood-Mumbai','A15','Fleets & Cars-Mumbai',' $ 20,000 '),
	('P62','Earthquake-Mumbai','A15','Fleets & Cars-Mumbai',' $ 20,000 '),
	('P63','Fire-Mumbai','A15','Fleets & Cars-Mumbai',' $ 20,000 '),
	('P64','Typhoon-Mumbai','A15','Fleets & Cars-Mumbai',' $ 20,000 '),
	('P65','Thunderstorms, Tornados & Hail-Mumbai','A15','Fleets & Cars-Mumbai',' $ 20,000 '),
	('P66','Tsunami-Mumbai','A15','Fleets & Cars-Mumbai',' $ 20,000 '),
	('P67','Hurricane-Typhoon -Germany','A16','Heavy Machinery-Germany',' $ 30,000 '),
	('P68','Earthquake-Germany','A16','Heavy Machinery-Germany',' $ 30,000 '),
	('P69','Fire-Germany','A16','Heavy Machinery-Germany',' $ 30,000 '),
	('P70','Thunderstorms, Tornados & Hail-Germany','A16','Heavy Machinery-Germany',' $ 30,000 '),
	('P71','Hurricane-Typhoon -Germany','A19','Property (Office Locations)-Germany',' $ 50,000 '),
	('P72','Earthquake-Germany','A19','Property (Office Locations)-Germany',' $ 50,000 '),
	('P73','Fire-Germany','A19','Property (Office Locations)-Germany',' $ 50,000 '),
	('P74','Thunderstorms, Tornados & Hail-Germany','A19','Property (Office Locations)-Germany',' $ 50,000 '),
	('P75','Hurricane-Typhoon -Germany','A22','Hotels & Resorts-Germany',' $ 100,000 '),
	('P76','Earthquake-Germany','A22','Hotels & Resorts-Germany',' $ 100,000 '),
	('P77','Fire-Germany','A22','Hotels & Resorts-Germany',' $ 100,000 '),
	('P78','Thunderstorms, Tornados & Hail-Germany','A22','Hotels & Resorts-Germany',' $ 100,000 '),
	('P79','Hurricane-Typhoon -Germany','A23','Supermarkets & Malls-Germany',' $ 30,000 '),
	('P80','Earthquake-Germany','A23','Supermarkets & Malls-Germany',' $ 30,000 '),
	('P81','Fire-Germany','A23','Supermarkets & Malls-Germany',' $ 30,000 '),
	('P82','Thunderstorms, Tornados & Hail-Germany','A23','Supermarkets & Malls-Germany',' $ 30,000 '),
	('P83','Hurricane-Typhoon -Germany','A25','Power Plants-Germany',' $ 30,000 '),
	('P84','Earthquake-Germany','A25','Power Plants-Germany',' $ 30,000 '),
	('P85','Fire-Germany','A25','Power Plants-Germany',' $ 30,000 '),
	('P86','Thunderstorms, Tornados & Hail-Germany','A25','Power Plants-Germany',' $ 30,000 '),
	('P87','Hurricane-Typhoon -Germany','A28','Aircrafts-Germany',' $ 40,000 '),
	('P88','Earthquake-Germany','A28','Aircrafts-Germany',' $ 40,000 '),
	('P89','Fire-Germany','A28','Aircrafts-Germany',' $ 40,000 '),
	('P90','Thunderstorms, Tornados & Hail-Germany','A28','Aircrafts-Germany',' $ 40,000 '),
	('P91','Hurricane-Typhoon -Germany','A30','Fleets & Cars-Germany',' $ 20,000 '),
	('P92','Earthquake-Germany','A30','Fleets & Cars-Germany',' $ 20,000 '),
	('P93','Fire-Germany','A30','Fleets & Cars-Germany',' $ 20,000 '),
	('P94','Thunderstorms, Tornados & Hail-Germany','A30','Fleets & Cars-Germany',' $ 20,000 '),
	('P95','Hurricane-Typhoon -Manila','A34','Property (Office Locations)-Manila',' $ 40,000 '),
	('P96','Earthquake-Manila','A34','Property (Office Locations)-Manila',' $ 40,000 '),
	('P97','Fire-Manila','A34','Property (Office Locations)-Manila',' $ 40,000 '),
	('P98','Earthquake-Manila','A33','Pipelines-Manila',' $ 40,000 '),
	('P99','Fire-Manila','A33','Pipelines-Manila',' $ 40,000 '),
	('P100','Hurricane-Typhoon -Manila','A36','Warehouse & Cold Storage-Manila',' $ 30,000 '),
	('P101','Earthquake-Manila','A38','Supermarkets & Malls-Manila',' $ 50,000 '),
	('P102','Fire-Manila','A40','Power Plants-Manila',' $ 30,000 '),
	('P103','Hurricane-Typhoon -Manila','A43','Aircrafts-Manila',' $ 50,000 '),
	('P104','Earthquake-Manila','A43','Aircrafts-Manila',' $ 50,000 '),
	('P105','Fire-Manila','A43','Aircrafts-Manila',' $ 50,000 '),
	('P106','Hurricane-Typhoon -Manila','A45','Fleets & Cars-Manila',' $ 30,000 '),
	('P107','Thunderstorms, Tornados & Hail-San Francisco','A47','Heat Exchanger-San Francisco',' $ 60,000 '),
	('P108','Hurricane-Typhoon -San Francisco','A47','Heat Exchanger-San Francisco',' $ 60,000 '),
	('P109','Earthquake-San Francisco','A47','Heat Exchanger-San Francisco',' $ 60,000 '),
	('P110','Thunderstorms, Tornados & Hail-San Francisco','A49','Property (Office Locations)-San Francisco',' $ 80,000 '),
	('P111','Hurricane-Typhoon -San Francisco','A49','Property (Office Locations)-San Francisco',' $ 80,000 '),
	('P112','Earthquake-San Francisco','A49','Property (Office Locations)-San Francisco',' $ 80,000 '),
	('P113','Thunderstorms, Tornados & Hail-San Francisco','A53','Supermarkets & Malls-San Francisco',' $ 50,000 '),
	('P114','Hurricane-Typhoon -San Francisco','A53','Supermarkets & Malls-San Francisco',' $ 50,000 '),
	('P115','Earthquake-San Francisco','A53','Supermarkets & Malls-San Francisco',' $ 50,000 '),
	('P116','Thunderstorms, Tornados & Hail-San Francisco','A54','Mines-San Francisco',' $ 30,000 '),
	('P117','Hurricane-Typhoon -San Francisco','A55','Power Plants-San Francisco',' $ 50,000 '),
	('P118','Earthquake-San Francisco','A60','Fleets & Cars-San Francisco',' $ 40,000 '),
	('P119','Hurricane-Typhoon -San Francisco','A58','Aircrafts-San Francisco',' $ 20,000 '),
	('P120','Thunderstorms, Tornados & Hail-Calgary','A64','Property (Office Locations)-Calgary',' $ 100,000 '),
	('P121','Hurricane-Typhoon -Calgary','A64','Property (Office Locations)-Calgary',' $ 100,000 '),
	('P122','Earthquake-Calgary','A64','Property (Office Locations)-Calgary',' $ 100,000 '),
	('P123','Thunderstorms, Tornados & Hail-Calgary','A67','Hotels & Resorts-Calgary',' $ 110,000 '),
	('P124','Hurricane-Typhoon -Calgary','A68','Supermarkets & Malls-Calgary',' $ 30,000 '),
	('P125','Earthquake-Calgary','A69','Mines-Calgary',' $ 30,000 '),
	('P126','Thunderstorms, Tornados & Hail-Calgary','A71','Oil Refineries-Calgary',' $ 100,000 '),
	('P127','Hurricane-Typhoon -Calgary','A72','Telecom Towers-Calgary',' $ 50,000 '),
	('P128','Earthquake-Calgary','A73','Aircrafts-Calgary',' $ 20,000 '),
	('P129','Thunderstorms, Tornados & Hail-Calgary','A75','Fleets & Cars-Calgary',' $ 20,000 '),
	('P130','Hurricane-Typhoon -Calgary','A67','Hotels & Resorts-Calgary',' $ 110,000 '),
	('P131','Earthquake-Calgary','A68','Supermarkets & Malls-Calgary',' $ 30,000 '),
	('P132','Hurricane-Typhoon -Calgary','A73','Aircrafts-Calgary',' $ 20,000 '),
	('P133','Thunderstorms, Tornados & Tropical storms-Gulf of Mexico','A78','Pipelines-Gulf of Mexico',' $ 40,000 '),
	('P134','Hurricane-Typhoon -Gulf of Mexico','A79','Property (Office Locations)-Gulf of Mexico',' $ 50,000 '),
	('P135','Thunderstorms, Tornados & Tropical storms-Gulf of Mexico','A81','Warehouse & Cold Storage-Gulf of Mexico',' $ 20,000 '),
	('P136','Thunderstorms, Tornados & Tropical storms-Gulf of Mexico','A83','Supermarkets & Malls-Gulf of Mexico',' $ 30,000 '),
	('P137','Thunderstorms, Tornados & Tropical storms-Gulf of Mexico','A88','Aircrafts-Gulf of Mexico',' $ 50,000 '),
	('P138','Earthquake-Gulf of Mexico','A90','Fleets & Cars-Gulf of Mexico',' $ 60,000 '),
	('P139','Thunderstorms, Tornados & Hail-Tokyo','A93','Pipelines-Tokyo',' $ 40,000 '),
	('P140','Hurricane-Typhoon -Tokyo','A93','Pipelines-Tokyo',' $ 40,000 '),
	('P141','Earthquake-Tokyo','A93','Pipelines-Tokyo',' $ 40,000 '),
	('P142','Thunderstorms, Tornados & Hail-Tokyo','A94','Property (Office Locations)-Tokyo',' $ 30,000 '),
	('P143','Hurricane-Typhoon -Tokyo','A94','Property (Office Locations)-Tokyo',' $ 30,000 '),
	('P144','Earthquake-Tokyo','A98','Supermarkets & Malls-Tokyo',' $ 30,000 '),
	('P145','Thunderstorms, Tornados & Hail-Tokyo','A99','Mines-Tokyo',' $ 30,000 '),
	('P146','Fire-Tokyo','A103','Aircrafts-Tokyo',' $ 20,000 '),
	('P147','Earthquake-Tokyo','A103','Aircrafts-Tokyo',' $ 20,000 '),
	('P148','Thunderstorms, Tornados & Hail-Tokyo','A105','Fleets & Cars-Tokyo',' $ 40,000 '),
	('P149','Hurricane-Typhoon -Tokyo','A105','Fleets & Cars-Tokyo',' $ 40,000 '),
	('P150','Earthquake-Tokyo','A105','Fleets & Cars-Tokyo',' $ 40,000 '),
	('P151','Fire-Tokyo','A94','Property (Office Locations)-Tokyo',' $ 30,000 '),
	('P152','Thunderstorms, Tornados & Hail-Tokyo','A98','Supermarkets & Malls-Tokyo',' $ 30,000 '),
	('P153','Tropical Storm-Tokyo','A99','Mines-Tokyo',' $ 30,000 '),
	('P154','Earthquake-Tokyo','A98','Supermarkets & Malls-Tokyo',' $ 30,000 '),
	('P155','Fire-Tokyo','A99','Mines-Tokyo',' $ 30,000 '),
	('P156','Fire-Tokyo','A98','Supermarkets & Malls-Tokyo',' $ 30,000 '),
	('P157','Thunderstorms, Tornados & Tropical storms-Caribbean Islands','A109','Property (Office Locations)-Caribbean Islands',' $ 40,000 '),
	('P158','Thunderstorms, Tornados & Tropical storms-Caribbean Islands','A109','Property (Office Locations)-Caribbean Islands',' $ 40,000 '),
	('P159','Thunderstorms, Tornados & Tropical storms-Caribbean Islands','A113','Supermarkets & Malls-Caribbean Islands',' $ 60,000 '),
	('P160','Earthquake-Caribbean Islands','A113','Supermarkets & Malls-Caribbean Islands',' $ 60,000 '),
	('P161','Thunderstorms, Tornados & Hail-Caribbean Islands','A113','Supermarkets & Malls-Caribbean Islands',' $ 60,000 '),
	('P162','Thunderstorms, Tornados & Tropical storms-Caribbean Islands','A109','Property (Office Locations)-Caribbean Islands',' $ 40,000 '),
	('P163','Earthquake-Caribbean Islands','A118','Aircrafts-Caribbean Islands',' $ 60,000 '),
	('P164','Hurricane-Typhoon -Caribbean Islands','A118','Aircrafts-Caribbean Islands',' $ 60,000 '),
	('P165','Thunderstorms, Tornados & Hail-Caribbean Islands','A118','Aircrafts-Caribbean Islands',' $ 60,000 '),
	('P166','Hurricane-Typhoon -Caribbean Islands','A120','Fleets & Cars-Caribbean Islands',' $ 20,000 '),
	('P167','Earthquake-Caribbean Islands','A120','Fleets & Cars-Caribbean Islands',' $ 20,000 '),
	('P168','Fire-Caribbean Islands','A120','Fleets & Cars-Caribbean Islands',' $ 20,000 '),
	('P169','Tropical Storm-Caribbean Islands','A120','Fleets & Cars-Caribbean Islands',' $ 20,000 '),
	('P170','Earthquake-Texas','A124','Property (Office Locations)-Texas',' $ 120,000 '),
	('P171','Thunderstorms, Tornados & Hail-Texas','A124','Property (Office Locations)-Texas',' $ 120,000 '),
	('P172','Hurricane-Typhoon -Texas','A124','Property (Office Locations)-Texas',' $ 120,000 '),
	('P173','Earthquake-Texas','A127','Hotels & Resorts-Texas',' $ 100,000 '),
	('P174','Hurricane-Typhoon -Texas','A128','Supermarkets & Malls-Texas',' $ 30,000 '),
	('P175','Thunderstorms, Tornados & Hail-Texas','A131','Oil Refineries-Texas',' $ 100,000 '),
	('P176','Hurricane-Typhoon -Texas','A131','Oil Refineries-Texas',' $ 100,000 '),
	('P177','Earthquake-Texas','A131','Oil Refineries-Texas',' $ 100,000 '),
	('P178','Hurricane-Typhoon -Texas','A132','Telecom Towers-Texas',' $ 50,000 '),
	('P179','Thunderstorms, Tornados & Hail-Texas','A132','Telecom Towers-Texas',' $ 50,000 '),
	('P180','Hurricane-Typhoon -Texas','A133','Aircrafts-Texas',' $ 20,000 '),
	('P181','Earthquake-Texas','A135','Fleets & Cars-Texas',' $ 20,000 '),
	('P182','Hurricane-Typhoon -Texas','A135','Fleets & Cars-Texas',' $ 20,000 ');
    
    
    select * from Input_Sheet_Year1;
    
    
    CREATE TABLE Year1_Results (
    Risk_Event VARCHAR(250),
    Peril VARCHAR(250),
    Asset VARCHAR(4),
    Results_Team1 int,
    Results_Team2 int,
    Results_Team3 int,
    Results_Team4 int,
    Results_Team5 int,
    Results_Team6 int,
    Results_Team7 int,
    Results_Team8 int,
    Results_Team9 int,
    Results_Team10 int
);
INSERT INTO Year1_Results(Risk_Event,Peril,Asset) VALUES ('High tide and high rainfalls leading to large floods-Mumbai','Flood-Mumbai','A1'),
	('Earthquake-Mumbai','Earthquake-Mumbai','A1'),
	('Fire-Mumbai','Fire-Mumbai','A1'),
	('Typhoon-Mumbai','Typhoon-Mumbai','A1'),
	('Thunderstorms, Tornados & Hail-Mumbai','Thunderstorms, Tornados & Hail-Mumbai','A1'),
	('Tsunami-Mumbai','Tsunami-Mumbai','A1'),
	('High tide and high rainfalls leading to large floods-Mumbai','Flood-Mumbai','A2'),
	('Earthquake-Mumbai','Earthquake-Mumbai','A2'),
	('Fire-Mumbai','Fire-Mumbai','A2'),
	('Typhoon-Mumbai','Typhoon-Mumbai','A2'),
	('Thunderstorms, Tornados & Hail-Mumbai','Thunderstorms, Tornados & Hail-Mumbai','A4'),
	('Tsunami-Mumbai','Tsunami-Mumbai','A4'),
	('High tide and high rainfalls leading to large floods-Mumbai','Flood-Mumbai','A6'),
	('Earthquake-Mumbai','Earthquake-Mumbai','A6'),
	('Terror Attack-Mumbai','Terror Attack-Mumbai','A4'),
	('Typhoon-Mumbai','Typhoon-Mumbai','A6'),
	('Thunderstorms, Tornados & Hail-Mumbai','Thunderstorms, Tornados & Hail-Mumbai','A6'),
	('Tsunami-Mumbai','Tsunami-Mumbai','A6'),
	('High tide and high rainfalls leading to large floods-Mumbai','Flood-Mumbai','A7'),
	('Earthquake-Mumbai','Earthquake-Mumbai','A8'),
	('Fire-Mumbai','Fire-Mumbai','A7'),
	('Typhoon-Mumbai','Typhoon-Mumbai','A8'),
	('Thunderstorms, Tornados & Hail-Mumbai','Thunderstorms, Tornados & Hail-Mumbai','A8'),
	('Tsunami-Mumbai','Tsunami-Mumbai','A8'),
	('High tide and high rainfalls leading to large floods-Mumbai','Flood-Mumbai','A9'),
	('Earthquake-Mumbai','Earthquake-Mumbai','A9'),
	('Fire-Mumbai','Fire-Mumbai','A9'),
	('Typhoon-Mumbai','Typhoon-Mumbai','A9'),
	('Thunderstorms, Tornados & Hail-Mumbai','Thunderstorms, Tornados & Hail-Mumbai','A9'),
	('Tsunami-Mumbai','Tsunami-Mumbai','A9'),
	('High tide and high rainfalls leading to large floods-Mumbai','Flood-Mumbai','A10'),
	('Earthquake-Mumbai','Earthquake-Mumbai','A10'),
	('Fire-Mumbai','Fire-Mumbai','A10'),
	('Terror Attack-Mumbai','Terror Attack-Mumbai','A10'),
	('Thunderstorms, Tornados & Hail-Mumbai','Thunderstorms, Tornados & Hail-Mumbai','A10'),
	('Tsunami-Mumbai','Tsunami-Mumbai','A10'),
	('High tide and high rainfalls leading to large floods-Mumbai','Flood-Mumbai','A11'),
	('Earthquake-Mumbai','Earthquake-Mumbai','A11'),
	('Fire-Mumbai','Fire-Mumbai','A11'),
	('Typhoon-Mumbai','Typhoon-Mumbai','A11'),
	('Thunderstorms, Tornados & Hail-Mumbai','Thunderstorms, Tornados & Hail-Mumbai','A11'),
	('Tsunami-Mumbai','Tsunami-Mumbai','A11'),
	('High tide and high rainfalls leading to large floods-Mumbai','Flood-Mumbai','A12'),
	('Earthquake-Mumbai','Earthquake-Mumbai','A12'),
	('Fire-Mumbai','Fire-Mumbai','A12'),
	('Typhoon-Mumbai','Typhoon-Mumbai','A12'),
	('Thunderstorms, Tornados & Hail-Mumbai','Thunderstorms, Tornados & Hail-Mumbai','A12'),
	('Tsunami-Mumbai','Tsunami-Mumbai','A12'),
	('High tide and high rainfalls leading to large floods-Mumbai','Flood-Mumbai','A13'),
	('Earthquake-Mumbai','Earthquake-Mumbai','A13'),
	('Fire-Mumbai','Fire-Mumbai','A13'),
	('Typhoon-Mumbai','Typhoon-Mumbai','A13'),
	('Thunderstorms, Tornados & Hail-Mumbai','Thunderstorms, Tornados & Hail-Mumbai','A13'),
	('Tsunami-Mumbai','Tsunami-Mumbai','A13'),
	('High tide and high rainfalls leading to large floods-Mumbai','Flood-Mumbai','A14'),
	('Earthquake-Mumbai','Earthquake-Mumbai','A14'),
	('Fire-Mumbai','Fire-Mumbai','A14'),
	('Typhoon-Mumbai','Typhoon-Mumbai','A14'),
	('Thunderstorms, Tornados & Hail-Mumbai','Thunderstorms, Tornados & Hail-Mumbai','A14'),
	('Tsunami-Mumbai','Tsunami-Mumbai','A14'),
	('High tide and high rainfalls leading to large floods-Mumbai','Flood-Mumbai','A15'),
	('Earthquake-Mumbai','Earthquake-Mumbai','A15'),
	('Fire-Mumbai','Fire-Mumbai','A15'),
	('Typhoon-Mumbai','Typhoon-Mumbai','A15'),
	('Thunderstorms, Tornados & Hail-Mumbai','Thunderstorms, Tornados & Hail-Mumbai','A15'),
	('Tsunami-Mumbai','Tsunami-Mumbai','A15'),
	('Hurricane-Typhoon -Germany','Hurricane-Typhoon -Germany','A16'),
	('Earthquake-Germany','Earthquake-Germany','A16'),
	('Fire-Germany','Fire-Germany','A16'),
	('Thunderstorms, Tornados & Hail-Germany','Thunderstorms, Tornados & Hail-Germany','A16'),
	('Hurricane-Typhoon -Germany','Hurricane-Typhoon -Germany','A19'),
	('Earthquake-Germany','Earthquake-Germany','A19'),
	('Fire-Germany','Fire-Germany','A19'),
	('Thunderstorms, Tornados & Hail-Germany','Thunderstorms, Tornados & Hail-Germany','A19'),
	('Hurricane-Typhoon -Germany','Hurricane-Typhoon -Germany','A22'),
	('Earthquake-Germany','Earthquake-Germany','A22'),
	('Fire-Germany','Fire-Germany','A22'),
	('Thunderstorms, Tornados & Hail-Germany','Thunderstorms, Tornados & Hail-Germany','A22'),
	('Hurricane-Typhoon -Germany','Hurricane-Typhoon -Germany','A23'),
	('Earthquake-Germany','Earthquake-Germany','A23'),
	('Fire-Germany','Fire-Germany','A23'),
	('Thunderstorms, Tornados & Hail-Germany','Thunderstorms, Tornados & Hail-Germany','A23'),
	('Hurricane-Typhoon -Germany','Hurricane-Typhoon -Germany','A25'),
	('Earthquake-Germany','Earthquake-Germany','A25'),
	('Fire-Germany','Fire-Germany','A25'),
	('Thunderstorms, Tornados & Hail-Germany','Thunderstorms, Tornados & Hail-Germany','A25'),
	('Hurricane-Typhoon -Germany','Hurricane-Typhoon -Germany','A28'),
	('Earthquake-Germany','Earthquake-Germany','A28'),
	('Fire-Germany','Fire-Germany','A28'),
	('Thunderstorms, Tornados & Hail-Germany','Thunderstorms, Tornados & Hail-Germany','A28'),
	('Hurricane-Typhoon -Germany','Hurricane-Typhoon -Germany','A30'),
	('Earthquake-Germany','Earthquake-Germany','A30'),
	('Fire-Germany','Fire-Germany','A30'),
	('Thunderstorms, Tornados & Hail-Germany','Thunderstorms, Tornados & Hail-Germany','A30'),
	('Extremely Dangerous Super Typhoon Haiyan (Yolanda) to Strike the Philippines -Manila','Hurricane-Typhoon -Manila','A34'),
	('Earthquake-Manila','Earthquake-Manila','A34'),
	('Fire-Manila','Fire-Manila','A34'),
	('Earthquake-Manila','Earthquake-Manila','A33'),
	('Fire-Manila','Fire-Manila','A33'),
	('Typhoon Nari (Santi) -Manila','Hurricane-Typhoon -Manila','A36'),
	('Earthquake-Manila','Earthquake-Manila','A38'),
	('Fire-Manila','Fire-Manila','A40'),
	('Typhoon Utor (Labuyo)-Manila','Hurricane-Typhoon -Manila','A43'),
	('Earthquake-Manila','Earthquake-Manila','A43'),
	('Fire-Manila','Fire-Manila','A43'),
	('Super Typhoon Usagi-Manila','Hurricane-Typhoon -Manila','A45'),
	('Thunderstorms, Tornados & Hail-San Francisco','Thunderstorms, Tornados & Hail-San Francisco','A47'),
	('Hurricane-Typhoon -San Francisco','Hurricane-Typhoon -San Francisco','A47'),
	('Earthquake-San Francisco','Earthquake-San Francisco','A47'),
	('Thunderstorms, Tornados & Hail-San Francisco','Thunderstorms, Tornados & Hail-San Francisco','A49'),
	('Hurricane-Typhoon -San Francisco','Hurricane-Typhoon -San Francisco','A49'),
	('Earthquake-San Francisco','Earthquake-San Francisco','A49'),
	('Thunderstorms, Tornados & Hail-San Francisco','Thunderstorms, Tornados & Hail-San Francisco','A53'),
	('Hurricane-Typhoon -San Francisco','Hurricane-Typhoon -San Francisco','A53'),
	('Earthquake-San Francisco','Earthquake-San Francisco','A53'),
	('Thunderstorms, Tornados & Hail-San Francisco','Thunderstorms, Tornados & Hail-San Francisco','A54'),
	('Hurricane-Typhoon -San Francisco','Hurricane-Typhoon -San Francisco','A55'),
	('Earthquake-San Francisco','Earthquake-San Francisco','A60'),
	('Hurricane-Typhoon -San Francisco','Hurricane-Typhoon -San Francisco','A58'),
	('Thunderstorms, Tornados & Hail-Calgary','Thunderstorms, Tornados & Hail-Calgary','A64'),
	('Hurricane-Typhoon -Calgary','Hurricane-Typhoon -Calgary','A64'),
	('Earthquake-Calgary','Earthquake-Calgary','A64'),
	('Thunderstorms, Tornados & Hail-Calgary','Thunderstorms, Tornados & Hail-Calgary','A67'),
	('Hurricane-Typhoon -Calgary','Hurricane-Typhoon -Calgary','A68'),
	('Earthquake-Calgary','Earthquake-Calgary','A69'),
	('Thunderstorms, Tornados & Hail-Calgary','Thunderstorms, Tornados & Hail-Calgary','A71'),
	('Hurricane-Typhoon -Calgary','Hurricane-Typhoon -Calgary','A72'),
	('Earthquake-Calgary','Earthquake-Calgary','A73'),
	('Thunderstorms, Tornados & Hail-Calgary','Thunderstorms, Tornados & Hail-Calgary','A75'),
	('Hurricane-Typhoon -Calgary','Hurricane-Typhoon -Calgary','A67'),
	('Earthquake-Calgary','Earthquake-Calgary','A68'),
	('Hurricane-Typhoon -Calgary','Hurricane-Typhoon -Calgary','A73'),
	('Tropical Storm Manuel-Gulf of Mexico','Thunderstorms, Tornados & Tropical storms-Gulf of Mexico','A78'),
	('Hurricane Ingrid-Gulf of Mexico','Hurricane-Typhoon -Gulf of Mexico','A79'),
	('Tropical Storm Lorena-Gulf of Mexico','Thunderstorms, Tornados & Tropical storms-Gulf of Mexico','A81'),
	('Tropical Storm Kong-Rey-Gulf of Mexico','Thunderstorms, Tornados & Tropical storms-Gulf of Mexico','A83'),
	('Tropical Storm Fernand-Gulf of Mexico','Thunderstorms, Tornados & Tropical storms-Gulf of Mexico','A88'),
	('Earthquake-Gulf of Mexico','Earthquake-Gulf of Mexico','A90'),
	('Thunderstorms, Tornados & Hail-Tokyo','Thunderstorms, Tornados & Hail-Tokyo','A93'),
	('Hurricane-Typhoon -Tokyo','Hurricane-Typhoon -Tokyo','A93'),
	('Earthquake-Tokyo','Earthquake-Tokyo','A93'),
	('Thunderstorms, Tornados & Hail-Tokyo','Thunderstorms, Tornados & Hail-Tokyo','A94'),
	('Hurricane-Typhoon -Tokyo','Hurricane-Typhoon -Tokyo','A94'),
	('Earthquake-Tokyo','Earthquake-Tokyo','A98'),
	('Thunderstorms, Tornados & Hail-Tokyo','Thunderstorms, Tornados & Hail-Tokyo','A99'),
	('Fire-Tokyo','Fire-Tokyo','A103'),
	('Earthquake-Tokyo','Earthquake-Tokyo','A103'),
	('Thunderstorms, Tornados & Hail-Tokyo','Thunderstorms, Tornados & Hail-Tokyo','A105'),
	('Hurricane-Typhoon -Tokyo','Hurricane-Typhoon -Tokyo','A105'),
	('Earthquake-Tokyo','Earthquake-Tokyo','A105'),
	('Fire-Tokyo','Fire-Tokyo','A94'),
	('Thunderstorms, Tornados & Hail-Tokyo','Thunderstorms, Tornados & Hail-Tokyo','A98'),
	('Tropical Storm Danas-Tokyo','Tropical Storm-Tokyo','A99'),
	('Earthquake-Tokyo','Earthquake-Tokyo','A98'),
	('Fire-Tokyo','Fire-Tokyo','A99'),
	('Fire-Tokyo','Fire-Tokyo','A98'),
	('Tropical Storm Chantal-Caribbean Islands','Thunderstorms, Tornados & Tropical storms-Caribbean Islands','A109'),
	('Tropical Storm Gabrielle-Caribbean Islands','Thunderstorms, Tornados & Tropical storms-Caribbean Islands','A109'),
	('Typhoon Wutip (Paolo)-Caribbean Islands','Thunderstorms, Tornados & Tropical storms-Caribbean Islands','A113'),
	('Earthquake-Caribbean Islands','Earthquake-Caribbean Islands','A113'),
	('Thunderstorms, Tornados & Hail-Caribbean Islands','Thunderstorms, Tornados & Hail-Caribbean Islands','A113'),
	('Tropical Storm Humberto-Caribbean Islands','Thunderstorms, Tornados & Tropical storms-Caribbean Islands','A109'),
	('Earthquake-Caribbean Islands','Earthquake-Caribbean Islands','A118'),
	('Hurricane-Typhoon -Caribbean Islands','Hurricane-Typhoon -Caribbean Islands','A118'),
	('Thunderstorms, Tornados & Hail-Caribbean Islands','Thunderstorms, Tornados & Hail-Caribbean Islands','A118'),
	('Hurricane-Typhoon -Caribbean Islands','Hurricane-Typhoon -Caribbean Islands','A120'),
	('Earthquake-Caribbean Islands','Earthquake-Caribbean Islands','A120'),
	('Fire-Caribbean Islands','Fire-Caribbean Islands','A120'),
	('Tropical Storm Chantal-Caribbean Islands','Tropical Storm-Caribbean Islands','A120'),
	('Earthquake-Texas','Earthquake-Texas','A124'),
	('Thunderstorms, Tornados & Hail-Texas','Thunderstorms, Tornados & Hail-Texas','A124'),
	('Hurricane-Typhoon -Texas','Hurricane-Typhoon -Texas','A124'),
	('Earthquake-Texas','Earthquake-Texas','A127'),
	('Hurricane-Typhoon -Texas','Hurricane-Typhoon -Texas','A128'),
	('Thunderstorms, Tornados & Hail-Texas','Thunderstorms, Tornados & Hail-Texas','A131'),
	('Hurricane-Typhoon -Texas','Hurricane-Typhoon -Texas','A131'),
	('Earthquake-Texas','Earthquake-Texas','A131'),
	('Hurricane-Typhoon -Texas','Hurricane-Typhoon -Texas','A132'),
	('Thunderstorms, Tornados & Hail-Texas','Thunderstorms, Tornados & Hail-Texas','A132'),
	('Hurricane-Typhoon -Texas','Hurricane-Typhoon -Texas','A133'),
	('Earthquake-Texas','Earthquake-Texas','A135'),
	('Hurricane-Typhoon -Texas','Hurricane-Typhoon -Texas','A135');
    
    
    select * from year1_results;