create database game;

use game;

create table AssetAllocation(
asset varchar(250),
location varchar(250),
value int,
life int,
acode varchar(250),
primary key(acode)
);

insert into AssetAllocation
values("Heavy Machinery","Mumbai",200000,10,"A1"),
("Heavy Machinery","Germany",300000,10,"A16"),
("Heat Exchanger","Mumbai",200000,5,"A2"),
("Heat Exchanger","San Fransisco",600000,5,"A47"),
("Pipelines","Manila",400000,10,"A33"),
("Pipelines","Gulf of Mexico",400000,10,"A78"),
("Pipelines","Tokyo",400000,10,"A93"),
("Property(Office Locations)","Mumbai",700000,10,"A4"),
("Property(Office Locations)","Germany",500000,10,"A19"),
("Property(Office Locations)","Manila",400000,10,"A34"),
("Property(Office Locations)","San Fransisco",800000,10,"A49"),
("Property(Office Locations)","Calgary",1000000,10,"A64"),
("Property(Office Locations)","Gulf of Mexico",500000,10,"A79"),
("Property(Office Locations)","Tokyo",300000,10,"A94"),
("Property(Office Locations)","Carribean Islands",400000,10,"A109"),
("Property(Office Locations)","Texas",1200000,10,"A124"),
("Manufacturing Plants","Germany",500000,10,"A20"),
("Manufacturing Plants","Texas",300000,10,"A125"),
("Warehouse & Cold Storage","Mumbai",400000,5,"A6"),
("Warehouse & Cold Storage","Manila",300000,5,"A36"),
("Warehouse & Cold Storage","Gulf of Mexico",200000,5,"A81"),
("Hotels & Resorts","Mumbai",800000,10,"A7"),
("Hotels & Resorts","Germany",1000000,10,"A22"),
("Hotels & Resorts","Calgary",1100000,10,"A67"),
("Hotels & Resorts","Texas",100000,10,"A127"),
("Supermarkets & Malls","Mumbai",300000,5,"A8"),
("Supermarkets & Malls","Germany",300000,5,"A23"),
("Supermarkets & Malls","Manila",500000,5,"A38"),
("Supermarkets & Malls","San Fransisco",500000,5,"A53"),
("Supermarkets & Malls","Calgary",300000,5,"A68"),
("Supermarkets & Malls","Gulf of Mexico",300000,5,"A83"),
("Supermarkets & Malls","Tokyo",300000,5,"A98"),
("Supermarkets & Malls","Carribean Islands",600000,5,"A113"),
("Supermarkets & Malls","Texas",300000,5,"A128"),
("Mines","Mumbai",300000,10,"A9"),
("Mines","San Fransisco",300000,10,"A54"),
("Mines","Calgary",300000,10,"A69"),
("Mines","Tokyo",300000,10,"A99"),
("Power Plants","Mumbai",400000,5,"A10"),
("Power Plants","Germany",300000,5,"A25"),
("Power Plants","Manila",300000,5,"A40"),
("Power Plants","San Fransisco",500000,5,"A55"),
("Oil Refineries","Mumbai",1000000,10,"A11"),
("Oil Refineries","Calgary",1000000,10,"A71"),
("Oil Refineries","Texas",1000000,10,"A131"),
("Telecom Towers","Mumbai",500000,4,"A12"),
("Telecom Towers","Calgary",500000,4,"A72"),
("Telecom Towers","Texas",500000,4,"A132"),
("Aircrafts","Mumbai",200000,5,"A13"),
("Aircrafts","Germany",400000,5,"A28"),
("Aircrafts","Manila",500000,5,"A43"),
("Aircrafts","San Fransisco",200000,5,"A58"),
("Aircrafts","Calgary",200000,5,"A73"),
("Aircrafts","Gulf of Mexico",500000,5,"A88"),
("Aircrafts","Tokyo",200000,5,"A103"),
("Aircrafts","Carribean Islands",600000,5,"A118"),
("Aircrafts","Texas",200000,5,"A133"),
("Ships & Cargo","Mumbai",300000,5,"A14"),
("Fleets & Cars","Mumbai",200000,4,"A15"),
("Fleets & Cars","Germany",200000,4,"A30"),
("Fleets & Cars","Manila",300000,4,"A45"),
("Fleets & Cars","San Fransisco",400000,4,"A60"),
("Fleets & Cars","Calgary",200000,4,"A75"),
("Fleets & Cars","Gulf of Mexico",600000,4,"A90"),
("Fleets & Cars","Tokyo",400000,4,"A105"),
("Fleets & Cars","Carribean Islands",200000,4,"A120"),
("Fleets & Cars","Texas",200000,4,"A135")
;





CREATE TABLE ProbabilityDistribution (
    `Risk_Events` VARCHAR(250),
    `Probability` NUMERIC(3, 2),
    `1914` INT,
    `1915` INT,
    `1916` INT,
    `1917` INT,
    `1918` INT,
    `1919` INT,
    `1920` INT,
    `1921` INT,
    `1922` INT,
    `1923` INT,
    `1924` INT,
    `1925` INT,
    `1926` INT,
    `1927` INT,
    `1928` INT,
    `1929` INT,
    `1930` INT,
    `1931` INT,
    `1932` INT,
    `1933` INT,
    `1934` INT,
    `1935` INT,
    `1936` INT,
    `1937` INT,
    `1938` INT,
    `1939` INT,
    `1940` INT,
    `1941` INT,
    `1942` INT,
    `1943` INT,
    `1944` INT,
    `1945` INT,
    `1946` INT,
    `1947` INT,
    `1948` INT,
    `1949` INT,
    `1950` INT,
    `1951` INT,
    `1952` INT,
    `1953` INT,
    `1954` INT,
    `1955` INT,
    `1956` INT,
    `1957` INT,
    `1958` INT,
    `1959` INT,
    `1960` INT,
    `1961` INT,
    `1962` INT,
    `1963` INT,
    `1964` INT,
    `1965` INT,
    `1966` INT,
    `1967` INT,
    `1968` INT,
    `1969` INT,
    `1970` INT,
    `1971` INT,
    `1972` INT,
    `1973` INT,
    `1974` INT,
    `1975` INT,
    `1976` INT,
    `1977` INT,
    `1978` INT,
    `1979` INT,
    `1980` INT,
    `1981` INT,
    `1982` INT,
    `1983` INT,
    `1984` INT,
    `1985` INT,
    `1986` INT,
    `1987` INT,
    `1988` INT,
    `1989` INT,
    `1990` INT,
    `1991` INT,
    `1992` INT,
    `1993` INT,
    `1994` INT,
    `1995` INT,
    `1996` INT,
    `1997` INT,
    `1998` INT,
    `1999` INT,
    `2000` INT,
    `2001` INT,
    `2002` INT,
    `2003` INT,
    `2004` INT,
    `2005` INT,
    `2006` INT,
    `2007` INT,
    `2008` INT,
    `2009` INT,
    `2010` INT,
    `2011` INT,
    `2012` INT,
    `2013` INT
);
INSERT INTO ProbabilityDistribution VALUES ('Flood-Mumbai',0.17,1,0,0,0,0,0,0,0,1,0,0,0,1,0,0,0,0,0,1,0,0,0,0,0,0,0,0,0,0,0,0,0,0,0,0,0,0,0,0,0,0,0,0,1,0,0,0,1,0,0,1,0,0,0,1,0,0,0,1,0,0,0,0,0,1,0,0,0,0,0,0,1,1,0,0,1,0,0,0,1,0,0,0,0,0,1,0,0,0,0,0,0,0,0,0,1,0,0,1,0),
	('Earthquake-Mumbai',0.2,0,0,0,1,0,0,0,0,0,1,1,1,0,0,0,0,0,1,1,0,1,0,0,1,0,0,0,0,0,1,0,0,0,0,1,0,0,0,1,1,0,0,0,0,1,0,1,1,0,1,0,1,0,0,0,0,0,0,0,0,0,0,0,0,0,1,0,0,0,0,0,0,0,0,0,0,1,0,0,0,1,0,1,1,0,1,0,1,0,0,0,0,0,0,0,0,0,0,0,1),
	('Fire-Mumbai',0.2,0,0,0,1,0,0,1,0,0,0,0,0,0,0,0,0,0,0,0,1,1,1,0,0,0,0,0,0,0,0,0,0,0,0,0,1,0,1,0,1,0,0,0,0,0,1,0,0,0,0,0,1,1,0,0,0,0,0,0,0,0,0,0,1,0,0,1,1,0,1,0,1,1,0,0,0,0,0,0,0,0,0,0,0,0,0,0,0,0,0,1,1,0,0,0,1,0,0,0,0),
	('Terror Attack-Mumbai',NULL,0,0,0,0,0,0,0,1,0,0,0,0,0,0,0,0,0,0,0,0,0,0,0,0,0,0,0,0,0,0,0,0,0,0,0,0,0,0,0,0,0,0,0,0,0,0,0,0,0,0,0,0,0,0,0,0,0,0,0,0,0,0,0,0,0,0,0,0,0,0,0,0,0,0,0,0,0,0,0,0,0,0,0,0,0,0,0,1,0,0,0,0,0,0,0,0,0,1,0,1),
	('Typhoon-Mumbai',0.3,0,0,1,0,0,1,0,0,0,0,1,0,0,0,0,0,0,0,0,0,1,0,0,0,1,1,1,0,0,0,0,0,0,0,0,0,0,0,1,0,0,0,0,1,0,1,1,0,0,1,1,0,1,0,0,0,0,0,0,0,0,0,0,1,0,0,0,0,0,0,1,0,1,1,0,0,1,0,0,0,1,1,0,0,1,0,0,0,0,0,1,0,1,0,1,0,1,0,0,0),
	('Thunderstorms, Tornados & Hail-Mumbai',0.15,0,0,0,0,0,0,1,0,0,0,1,0,0,0,0,0,0,0,1,0,0,0,0,0,0,0,0,0,0,0,0,0,1,0,0,0,1,1,0,0,0,1,1,0,0,0,0,1,0,0,0,0,0,0,0,0,0,0,0,0,1,0,0,0,0,0,0,0,0,0,0,0,0,0,0,0,0,0,0,0,0,0,0,0,0,0,1,0,0,1,0,0,0,0,0,0,0,1,0,0),
	('Tsunami-Mumbai',0.14,0,0,0,0,0,1,0,1,1,0,0,1,0,0,0,0,0,0,0,0,0,1,0,0,1,0,0,0,0,0,0,0,1,0,0,0,0,0,0,0,0,0,0,0,0,0,0,0,0,0,0,0,0,0,0,0,0,1,0,0,0,0,1,0,0,0,0,0,0,0,1,0,0,0,0,0,0,1,1,0,0,0,0,0,0,0,0,1,1,0,0,0,0,0,0,0,0,1,0,0),
	('Hurricane-Typhoon -Germany',0.15,0,0,1,0,0,0,0,1,0,0,0,0,1,0,0,0,0,0,0,0,0,0,0,0,0,0,0,0,0,1,0,0,1,1,0,1,0,0,0,0,1,0,0,0,0,0,0,1,0,0,0,0,0,0,0,0,0,0,0,1,0,0,0,0,0,0,0,0,0,0,0,0,0,0,0,0,0,1,0,0,0,0,0,0,0,0,0,0,1,1,0,0,0,0,0,0,1,0,0,0),
	('Earthquake-Germany',0.1,0,0,0,0,0,0,0,0,0,0,0,0,0,1,1,0,0,0,0,0,0,0,0,0,0,0,0,1,0,1,0,0,0,0,0,0,0,0,0,0,0,0,0,0,0,0,0,0,0,0,1,0,0,0,0,0,0,0,1,0,0,0,0,0,1,0,0,0,0,0,1,0,0,0,0,0,0,0,0,0,0,0,0,0,0,0,0,0,0,0,0,0,0,0,0,0,0,0,0,0),
	('Fire-Germany',0.25,0,0,0,0,0,0,0,1,0,0,1,0,0,0,1,0,0,0,0,0,0,0,0,0,0,0,0,0,0,1,0,0,0,0,0,0,0,1,0,0,0,1,0,0,0,0,0,1,0,0,0,1,0,0,0,0,0,0,0,0,0,1,1,0,0,0,0,0,0,0,0,1,0,0,0,1,0,1,1,0,0,1,0,0,0,1,0,0,0,0,1,0,0,1,0,1,1,0,1,1),
	('Thunderstorms, Tornados & Hail-Germany',0.3,1,0,0,0,0,0,0,1,1,0,1,0,1,0,0,0,1,0,0,0,0,0,1,0,0,0,0,1,0,0,0,1,0,1,0,0,0,0,1,1,1,1,0,0,0,1,0,1,1,0,1,1,1,1,0,0,0,1,0,0,0,0,0,0,1,1,1,1,0,0,1,1,0,0,0,0,0,1,0,1,0,0,0,0,0,0,0,1,0,1,0,0,0,1,0,1,1,1,0,0),
	('Hurricane-Typhoon -Manila',0.2,0,1,0,1,0,0,0,0,1,0,1,0,0,0,0,0,0,0,0,0,0,0,0,1,1,0,0,1,0,1,0,1,0,0,0,0,0,0,0,0,0,0,1,0,0,0,0,0,0,0,0,1,0,0,0,1,0,0,0,0,0,1,0,1,1,1,0,0,0,0,0,0,1,1,1,0,1,0,0,0,0,0,1,0,1,1,0,0,0,0,0,1,1,1,1,0,0,1,0,0),
	('Earthquake-Manila',0.1,0,0,0,1,0,0,0,1,0,0,0,0,0,0,0,0,0,0,0,1,0,0,0,0,0,0,0,0,1,0,0,0,0,0,0,0,0,0,0,0,0,0,0,0,0,0,0,0,0,0,0,0,0,0,0,0,0,0,0,0,0,0,0,0,0,1,0,0,0,0,0,0,1,0,0,1,0,0,1,0,1,0,0,1,0,0,0,0,0,0,0,0,0,0,0,0,0,0,0,0),
	('Fire-Manila',0.4,0,1,0,0,0,1,0,0,1,1,0,1,0,1,1,0,0,1,1,1,1,0,0,0,0,1,1,1,0,1,1,0,0,0,0,0,1,0,1,0,0,1,0,1,0,0,1,1,0,1,0,1,0,0,0,0,0,0,0,0,1,1,0,1,0,1,0,0,0,0,0,0,1,0,0,0,1,0,0,0,0,1,0,0,1,0,1,1,1,0,0,0,1,1,1,0,0,0,0,0),
	('Thunderstorms, Tornados & Hail-San Francisco',0.18,0,0,0,0,0,0,1,0,0,0,0,0,1,0,0,0,0,0,0,0,0,0,1,0,0,0,0,0,0,1,0,0,0,0,0,0,0,0,0,0,1,1,0,1,0,0,0,1,0,0,0,0,0,0,0,0,1,0,1,0,0,0,0,1,0,0,0,0,0,0,0,0,0,1,0,0,0,0,0,0,0,0,1,0,1,0,0,1,1,0,0,0,0,1,0,0,0,0,0,0),
	('Hurricane-Typhoon -San Francisco',0.26,0,1,1,1,0,0,0,0,1,0,0,1,0,1,0,0,1,0,0,0,1,0,0,1,1,1,0,0,0,1,0,0,0,0,0,1,1,0,1,0,1,0,0,0,0,0,0,1,0,0,0,0,1,0,0,0,0,0,0,0,0,0,0,0,0,0,0,0,0,0,1,0,0,0,0,0,0,0,0,0,1,0,1,0,0,0,0,0,0,1,0,0,0,1,0,0,0,0,0,0),
	('Earthquake-San Francisco',0.15,0,1,0,0,0,0,0,0,1,0,0,0,0,0,0,0,0,0,0,0,0,0,1,0,0,0,0,0,0,0,0,0,0,0,0,0,0,0,0,1,0,0,0,0,0,0,0,0,0,1,0,1,0,1,0,0,0,0,0,0,0,0,1,1,0,0,0,0,1,0,0,0,0,0,0,0,0,0,0,1,0,0,0,1,0,1,0,0,0,0,0,1,0,0,0,0,0,0,0,0),
	('Thunderstorms, Tornados & Hail-Calgary',0.25,0,0,0,0,0,0,0,1,1,0,0,0,0,0,0,0,0,1,0,1,0,0,0,1,0,0,0,0,0,1,1,0,0,1,0,0,0,0,1,1,1,1,1,0,0,0,0,0,1,0,0,0,0,1,0,0,0,0,1,1,0,1,0,0,0,0,0,1,0,0,0,0,0,1,1,1,0,0,0,0,0,0,1,1,0,1,1,1,0,0,1,1,0,0,0,1,0,0,1,0),
	('Hurricane-Typhoon -Calgary',0.2,0,0,0,0,0,0,1,0,1,0,0,0,0,1,0,0,1,0,1,0,0,0,0,1,1,0,1,0,1,0,0,1,0,0,0,0,1,0,0,1,0,0,0,1,0,0,0,0,0,1,1,0,1,0,1,0,0,0,0,0,0,0,0,1,0,0,1,0,0,1,0,1,1,0,1,0,0,0,0,0,0,0,0,0,0,0,0,0,0,0,0,0,0,0,0,0,0,1,0,0),
	('Earthquake-Calgary',0.1,0,0,0,0,0,0,0,1,0,0,0,0,1,0,0,0,0,0,0,0,0,0,0,0,0,0,1,1,0,0,0,0,0,0,0,0,0,0,0,1,0,0,0,0,1,0,0,1,0,1,0,0,0,1,0,0,0,0,0,0,0,0,0,0,0,0,0,0,0,0,0,0,0,0,0,0,0,0,0,0,0,0,0,1,0,0,0,0,0,0,0,0,0,0,0,0,0,0,0,0),
	('Thunderstorms, Tornados & Tropical storms-Gulf of Mexico',0.17,0,0,1,0,0,0,0,1,0,0,0,0,0,0,0,1,0,1,0,0,0,0,0,1,0,0,0,0,0,0,0,0,0,0,0,0,0,1,0,0,0,0,0,0,1,0,0,0,0,1,0,0,0,0,1,1,0,0,0,0,0,0,0,0,1,0,0,0,0,0,0,1,0,0,0,0,0,0,0,0,0,0,1,0,0,0,0,0,0,0,0,0,0,0,0,0,1,1,0,1),
	('Hurricane-Typhoon -Gulf of Mexico',0.24,1,1,1,0,0,1,0,0,0,1,1,1,0,0,1,0,0,0,0,0,0,0,0,1,0,0,0,0,0,0,0,1,0,0,1,0,0,0,0,0,0,1,0,1,0,1,0,0,0,0,0,0,1,1,0,0,0,0,0,0,1,0,0,1,0,1,0,1,1,0,1,0,0,0,0,0,1,0,0,0,0,1,0,0,0,0,1,1,0,1,0,0,0,1,1,0,0,0,0,1),
	('Earthquake-Gulf of Mexico',0.1,1,0,0,0,0,0,0,0,0,0,0,0,0,0,0,0,0,0,0,0,0,0,1,0,0,0,0,0,0,0,0,0,0,0,0,0,0,0,1,0,0,0,0,0,0,0,1,0,0,0,0,0,0,1,0,0,0,0,0,1,0,0,0,0,0,0,0,0,0,0,0,0,0,0,0,0,0,0,0,1,0,0,0,0,0,0,0,0,0,0,0,0,0,0,0,0,0,0,0,0),
	('Thunderstorms, Tornados & Hail-Tokyo',0.25,1,1,1,0,0,0,0,0,0,1,1,1,0,1,0,0,1,0,0,0,0,0,0,1,1,0,0,1,0,0,0,0,0,0,0,0,0,1,0,1,0,1,0,0,1,0,0,0,0,1,0,0,1,0,0,0,0,0,0,1,1,0,0,1,0,0,0,0,0,0,0,0,0,0,0,1,0,1,0,0,0,0,0,1,0,0,1,0,0,1,1,1,0,1,0,0,0,0,1,0),
	('Hurricane-Typhoon -Tokyo',0.2,0,0,0,0,0,0,1,1,0,0,0,0,0,0,0,0,1,1,0,1,0,1,0,0,0,0,0,1,0,0,0,0,0,0,0,1,1,0,1,0,0,1,0,0,0,1,0,1,0,0,0,0,1,0,1,0,0,0,1,0,0,0,0,0,0,1,0,0,1,0,0,0,0,0,0,1,0,0,0,1,0,0,0,1,0,0,1,0,0,1,0,1,0,0,0,1,0,1,0,0),
	('Earthquake-Tokyo',0.3,1,1,1,1,0,0,0,0,0,0,0,0,0,0,0,1,0,1,0,0,1,1,1,1,0,0,1,0,0,0,0,0,0,0,0,0,1,0,1,0,1,0,0,0,0,1,0,1,1,0,0,0,0,0,0,0,0,0,0,1,0,1,1,1,1,1,1,0,0,0,0,0,0,0,1,1,1,0,0,0,0,0,1,0,0,1,1,1,0,1,0,0,0,0,1,0,0,0,1,1),
	('Fire-Tokyo',0.22,0,0,0,1,0,0,0,0,0,1,0,0,0,1,1,0,0,1,1,1,1,0,1,1,0,0,0,0,0,0,0,1,1,0,0,1,1,1,1,0,0,0,0,0,0,0,0,0,0,0,1,0,0,0,0,1,0,0,0,1,0,1,0,0,1,0,1,1,0,0,0,0,0,1,1,0,0,0,0,0,1,1,0,0,1,0,0,1,0,0,0,0,1,0,0,1,1,0,1,0),
	('Tropical Storm-Tokyo',0.1,0,0,0,0,0,1,0,0,0,0,0,0,0,0,0,0,0,0,0,0,0,0,0,0,0,0,0,0,0,0,0,0,0,1,0,0,0,0,0,0,0,1,1,0,0,0,0,0,0,0,0,1,0,0,0,0,0,0,0,0,0,0,0,0,0,1,0,0,0,0,0,1,0,0,0,0,0,0,0,0,0,0,0,0,0,0,1,0,0,0,0,0,0,0,0,0,0,0,0,0),
	('Thunderstorms, Tornados & Tropical storms-Caribbean Islands',0.15,0,1,0,0,0,0,0,0,0,0,0,0,0,0,0,0,0,1,0,0,0,0,1,0,0,0,1,0,0,0,0,0,0,0,0,0,0,0,1,0,0,0,0,0,0,0,1,0,0,0,0,1,0,0,0,0,1,0,0,0,0,0,0,0,0,0,0,0,0,0,0,0,0,0,0,0,0,0,0,0,0,0,0,0,0,0,0,1,0,0,1,0,0,0,0,0,0,0,1,0),
	('Earthquake-Caribbean Islands',0.25,0,0,0,0,0,0,0,0,0,1,0,0,1,1,0,0,0,1,0,1,1,0,0,1,0,1,1,1,0,0,1,1,0,0,0,1,0,1,0,0,0,1,0,1,0,0,0,1,0,0,0,0,1,0,0,0,1,0,1,0,0,0,1,0,0,0,0,0,0,0,1,0,1,0,1,0,0,0,0,1,0,0,0,0,0,0,0,1,0,0,0,0,0,0,1,0,1,0,0,0),
	('Thunderstorms, Tornados & Hail-Caribbean Islands',0.22,1,0,0,0,0,0,0,0,0,1,1,0,0,0,0,0,0,0,0,1,1,0,0,1,1,0,0,0,0,0,1,0,1,0,0,0,1,0,0,0,0,0,0,0,0,0,0,0,0,0,0,0,1,1,0,0,0,0,0,0,0,1,0,1,1,0,0,0,0,1,0,0,0,0,0,0,0,0,0,0,1,1,1,0,0,0,0,1,1,1,0,0,0,0,1,0,1,0,0,0),
	('Hurricane-Typhoon -Caribbean Islands',0.15,0,0,1,0,0,0,0,1,0,0,0,1,0,1,0,0,0,0,0,0,0,0,0,0,0,1,0,0,0,0,1,0,0,0,0,0,0,0,0,0,0,1,0,0,0,1,1,0,0,0,0,0,0,0,0,0,0,0,0,0,0,1,0,0,0,0,0,1,1,0,0,1,0,0,0,0,0,0,0,0,0,0,0,0,0,0,1,0,0,0,0,0,0,0,0,0,0,0,1,0),
	('Fire-Caribbean Islands',0.14,0,0,0,1,0,0,0,0,0,0,0,0,0,0,0,0,0,0,0,0,0,0,0,0,0,0,1,0,0,0,0,0,0,0,0,0,1,0,0,0,0,0,0,0,0,0,1,0,0,0,0,0,0,1,0,0,0,0,0,0,0,1,0,0,1,0,0,0,0,0,0,0,0,0,0,0,1,0,0,0,0,0,0,0,1,0,1,0,0,0,0,0,1,0,0,0,0,0,0,0),
	('Tropical Storm-Caribbean Islands',0.14,0,0,0,0,1,0,0,0,0,0,1,0,0,0,0,0,0,0,0,0,0,1,0,0,0,0,0,0,0,0,0,1,0,0,0,1,0,0,0,1,1,0,0,0,0,0,0,0,0,0,0,0,0,0,0,1,1,0,0,0,0,0,0,0,0,0,0,0,0,0,1,0,0,0,0,0,0,0,0,1,0,0,0,0,0,0,0,0,0,0,0,0,1,0,1,0,0,0,0,0),
	('Earthquake-Texas',0.22,0,1,1,0,0,0,0,0,0,0,0,0,0,0,1,0,0,0,0,1,0,0,0,0,1,1,0,0,0,0,1,0,0,0,1,0,0,0,0,0,1,0,0,0,0,0,0,1,1,0,1,1,1,0,0,0,0,1,0,0,0,0,0,0,0,0,0,0,0,0,0,0,1,0,0,0,0,0,1,1,1,0,0,0,0,0,0,0,0,0,0,1,0,0,0,0,0,0,0,0),
	('Thunderstorms, Tornados & Hail-Texas',0.15,0,0,0,0,1,0,0,0,0,0,0,0,0,0,0,0,0,0,0,0,0,1,0,0,0,1,0,1,0,0,0,1,0,0,0,0,0,1,0,0,0,0,0,0,0,0,0,0,0,1,0,0,0,0,0,0,0,0,1,0,0,0,0,0,0,0,0,0,0,0,0,1,0,0,1,0,0,0,0,0,0,1,0,0,0,0,0,0,0,0,0,0,0,0,0,0,0,0,0,0),
	('Hurricane-Typhoon -Texas',0.16,0,0,0,0,1,0,0,0,0,0,0,0,0,0,0,0,0,0,0,0,0,0,0,0,1,0,0,0,1,1,0,0,0,0,0,0,1,0,0,0,0,0,0,0,0,0,0,0,1,0,0,0,1,0,1,0,0,1,0,0,0,0,0,0,0,0,0,0,0,0,1,0,0,0,0,0,0,0,0,0,0,0,0,0,0,1,0,1,1,0,0,0,0,1,0,1,0,1,0,1);

drop table PerilSheet;

CREATE TABLE PerilSheet (
    Policy_Code VARCHAR(4),
    Policy_Desciption_Perils_covered VARCHAR(250),
    Asset VARCHAR(4),
    Asset_Name VARCHAR(250),
    primary key(Policy_Code)
);
INSERT INTO PerilSheet VALUES ('P1','Flood-Mumbai','A1','Heavy Machinery-Mumbai'),
('P2','Earthquake-Mumbai','A1','Heavy Machinery-Mumbai'),
('P3','Fire-Mumbai','A1','Heavy Machinery-Mumbai'),
('P4','Typhoon-Mumbai','A1','Heavy Machinery-Mumbai'),
('P5','Thunderstorms, Tornados & Hail-Mumbai','A1','Heavy Machinery-Mumbai'),
('P6','Tsunami-Mumbai','A1','Heavy Machinery-Mumbai'),
('P7','Flood-Mumbai','A2','Heat Exchanger-Mumbai'),
('P8','Earthquake-Mumbai','A2','Heat Exchanger-Mumbai'),
('P9','Fire-Mumbai','A2','Heat Exchanger-Mumbai'),
('P10','Typhoon-Mumbai','A2','Heat Exchanger-Mumbai'),
('P11','Thunderstorms, Tornados & Hail-Mumbai','A4','Property (Office Locations)-Mumbai'),
('P12','Tsunami-Mumbai','A4','Property (Office Locations)-Mumbai'),
('P13','Flood-Mumbai','A6','Warehouse & Cold Storage-Mumbai'),
('P14','Earthquake-Mumbai','A6','Warehouse & Cold Storage-Mumbai'),
('P15','Terror Attack-Mumbai','A4','Property (Office Locations)-Mumbai'),
('P16','Typhoon-Mumbai','A6','Warehouse & Cold Storage-Mumbai'),
('P17','Thunderstorms, Tornados & Hail-Mumbai','A6','Warehouse & Cold Storage-Mumbai'),
('P18','Tsunami-Mumbai','A6','Warehouse & Cold Storage-Mumbai'),
('P19','Flood-Mumbai','A7','Hotels & Resorts-Mumbai'),
('P20','Earthquake-Mumbai','A8','Supermarkets & Malls-Mumbai'),
('P21','Fire-Mumbai','A7','Hotels & Resorts-Mumbai'),
('P22','Typhoon-Mumbai','A8','Supermarkets & Malls-Mumbai'),
('P23','Thunderstorms, Tornados & Hail-Mumbai','A8','Supermarkets & Malls-Mumbai'),
('P24','Tsunami-Mumbai','A8','Supermarkets & Malls-Mumbai'),
('P25','Flood-Mumbai','A9','Mines-Mumbai'),
('P26','Earthquake-Mumbai','A9','Mines-Mumbai'),
('P27','Fire-Mumbai','A9','Mines-Mumbai'),
('P28','Typhoon-Mumbai','A9','Mines-Mumbai'),
('P29','Thunderstorms, Tornados & Hail-Mumbai','A9','Mines-Mumbai'),
('P30','Tsunami-Mumbai','A9','Mines-Mumbai'),
('P31','Flood-Mumbai','A10','Power Plants-Mumbai'),
('P32','Earthquake-Mumbai','A10','Power Plants-Mumbai'),
('P33','Fire-Mumbai','A10','Power Plants-Mumbai'),
('P34','Terror Attack-Mumbai','A10','Power Plants-Mumbai'),
('P35','Thunderstorms, Tornados & Hail-Mumbai','A10','Power Plants-Mumbai'),
('P36','Tsunami-Mumbai','A10','Power Plants-Mumbai'),
('P37','Flood-Mumbai','A11','Oil Refineries-Mumbai'),
('P38','Earthquake-Mumbai','A11','Oil Refineries-Mumbai'),
('P39','Fire-Mumbai','A11','Oil Refineries-Mumbai'),
('P40','Typhoon-Mumbai','A11','Oil Refineries-Mumbai'),
('P41','Thunderstorms, Tornados & Hail-Mumbai','A11','Oil Refineries-Mumbai'),
('P42','Tsunami-Mumbai','A11','Oil Refineries-Mumbai'),
('P43','Flood-Mumbai','A12','Telecom Towers-Mumbai'),
('P44','Earthquake-Mumbai','A12','Telecom Towers-Mumbai'),
('P45','Fire-Mumbai','A12','Telecom Towers-Mumbai'),
('P46','Typhoon-Mumbai','A12','Telecom Towers-Mumbai'),
('P47','Thunderstorms, Tornados & Hail-Mumbai','A12','Telecom Towers-Mumbai'),
('P48','Tsunami-Mumbai','A12','Telecom Towers-Mumbai'),
('P49','Flood-Mumbai','A13','Aircrafts-Mumbai'),
('P50','Earthquake-Mumbai','A13','Aircrafts-Mumbai'),
('P51','Fire-Mumbai','A13','Aircrafts-Mumbai'),
('P52','Typhoon-Mumbai','A13','Aircrafts-Mumbai'),
('P53','Thunderstorms, Tornados & Hail-Mumbai','A13','Aircrafts-Mumbai'),
('P54','Tsunami-Mumbai','A13','Aircrafts-Mumbai'),
('P55','Flood-Mumbai','A14','Ships & Cargo-Mumbai'),
('P56','Earthquake-Mumbai','A14','Ships & Cargo-Mumbai'),
('P57','Fire-Mumbai','A14','Ships & Cargo-Mumbai'),
('P58','Typhoon-Mumbai','A14','Ships & Cargo-Mumbai'),
('P59','Thunderstorms, Tornados & Hail-Mumbai','A14','Ships & Cargo-Mumbai'),
('P60','Tsunami-Mumbai','A14','Ships & Cargo-Mumbai'),
('P61','Flood-Mumbai','A15','Fleets & Cars-Mumbai'),
('P62','Earthquake-Mumbai','A15','Fleets & Cars-Mumbai'),
('P63','Fire-Mumbai','A15','Fleets & Cars-Mumbai'),
('P64','Typhoon-Mumbai','A15','Fleets & Cars-Mumbai'),
('P65','Thunderstorms, Tornados & Hail-Mumbai','A15','Fleets & Cars-Mumbai'),
('P66','Tsunami-Mumbai','A15','Fleets & Cars-Mumbai'),
('P67','Hurricane-Typhoon -Germany','A16','Heavy Machinery-Germany'),
('P68','Earthquake-Germany','A16','Heavy Machinery-Germany'),
('P69','Fire-Germany','A16','Heavy Machinery-Germany'),
('P70','Thunderstorms, Tornados & Hail-Germany','A16','Heavy Machinery-Germany'),
('P71','Hurricane-Typhoon -Germany','A19','Property (Office Locations)-Germany'),
('P72','Earthquake-Germany','A19','Property (Office Locations)-Germany'),
('P73','Fire-Germany','A19','Property (Office Locations)-Germany'),
('P74','Thunderstorms, Tornados & Hail-Germany','A19','Property (Office Locations)-Germany'),
('P75','Hurricane-Typhoon -Germany','A22','Hotels & Resorts-Germany'),
('P76','Earthquake-Germany','A22','Hotels & Resorts-Germany'),
('P77','Fire-Germany','A22','Hotels & Resorts-Germany'),
('P78','Thunderstorms, Tornados & Hail-Germany','A22','Hotels & Resorts-Germany'),
('P79','Hurricane-Typhoon -Germany','A23','Supermarkets & Malls-Germany'),
('P80','Earthquake-Germany','A23','Supermarkets & Malls-Germany'),
('P81','Fire-Germany','A23','Supermarkets & Malls-Germany'),
('P82','Thunderstorms, Tornados & Hail-Germany','A23','Supermarkets & Malls-Germany'),
('P83','Hurricane-Typhoon -Germany','A25','Power Plants-Germany'),
('P84','Earthquake-Germany','A25','Power Plants-Germany'),
('P85','Fire-Germany','A25','Power Plants-Germany'),
('P86','Thunderstorms, Tornados & Hail-Germany','A25','Power Plants-Germany'),
('P87','Hurricane-Typhoon -Germany','A28','Aircrafts-Germany'),
('P88','Earthquake-Germany','A28','Aircrafts-Germany'),
('P89','Fire-Germany','A28','Aircrafts-Germany'),
('P90','Thunderstorms, Tornados & Hail-Germany','A28','Aircrafts-Germany'),
('P91','Hurricane-Typhoon -Germany','A30','Fleets & Cars-Germany'),
('P92','Earthquake-Germany','A30','Fleets & Cars-Germany'),
('P93','Fire-Germany','A30','Fleets & Cars-Germany'),
('P94','Thunderstorms, Tornados & Hail-Germany','A30','Fleets & Cars-Germany'),
('P95','Hurricane-Typhoon -Manila','A34','Property (Office Locations)-Manila'),
('P96','Earthquake-Manila','A34','Property (Office Locations)-Manila'),
('P97','Fire-Manila','A34','Property (Office Locations)-Manila'),
('P98','Earthquake-Manila','A33','Pipelines-Manila'),
('P99','Fire-Manila','A33','Pipelines-Manila'),
('P100','Hurricane-Typhoon -Manila','A36','Warehouse & Cold Storage-Manila'),
('P101','Earthquake-Manila','A38','Supermarkets & Malls-Manila'),
('P102','Fire-Manila','A40','Power Plants-Manila'),
('P103','Hurricane-Typhoon -Manila','A43','Aircrafts-Manila'),
('P104','Earthquake-Manila','A43','Aircrafts-Manila'),
('P105','Fire-Manila','A43','Aircrafts-Manila'),
('P106','Hurricane-Typhoon -Manila','A45','Fleets & Cars-Manila'),
('P107','Thunderstorms, Tornados & Hail-San Francisco','A47','Heat Exchanger-San Francisco'),
('P108','Hurricane-Typhoon -San Francisco','A47','Heat Exchanger-San Francisco'),
('P109','Earthquake-San Francisco','A47','Heat Exchanger-San Francisco'),
('P110','Thunderstorms, Tornados & Hail-San Francisco','A49','Property (Office Locations)-San Francisco'),
('P111','Hurricane-Typhoon -San Francisco','A49','Property (Office Locations)-San Francisco'),
('P112','Earthquake-San Francisco','A49','Property (Office Locations)-San Francisco'),
('P113','Thunderstorms, Tornados & Hail-San Francisco','A53','Supermarkets & Malls-San Francisco'),
('P114','Hurricane-Typhoon -San Francisco','A53','Supermarkets & Malls-San Francisco'),
('P115','Earthquake-San Francisco','A53','Supermarkets & Malls-San Francisco'),
('P116','Thunderstorms, Tornados & Hail-San Francisco','A54','Mines-San Francisco'),
('P117','Hurricane-Typhoon -San Francisco','A55','Power Plants-San Francisco'),
('P118','Earthquake-San Francisco','A60','Fleets & Cars-San Francisco'),
('P119','Hurricane-Typhoon -San Francisco','A58','Aircrafts-San Francisco'),
('P120','Thunderstorms, Tornados & Hail-Calgary','A64','Property (Office Locations)-Calgary'),
('P121','Hurricane-Typhoon -Calgary','A64','Property (Office Locations)-Calgary'),
('P122','Earthquake-Calgary','A64','Property (Office Locations)-Calgary'),
('P123','Thunderstorms, Tornados & Hail-Calgary','A67','Hotels & Resorts-Calgary'),
('P124','Hurricane-Typhoon -Calgary','A68','Supermarkets & Malls-Calgary'),
('P125','Earthquake-Calgary','A69','Mines-Calgary'),
('P126','Thunderstorms, Tornados & Hail-Calgary','A71','Oil Refineries-Calgary'),
('P127','Hurricane-Typhoon -Calgary','A72','Telecom Towers-Calgary'),
('P128','Earthquake-Calgary','A73','Aircrafts-Calgary'),
('P129','Thunderstorms, Tornados & Hail-Calgary','A75','Fleets & Cars-Calgary'),
('P130','Hurricane-Typhoon -Calgary','A67','Hotels & Resorts-Calgary'),
('P131','Earthquake-Calgary','A68','Supermarkets & Malls-Calgary'),
('P132','Hurricane-Typhoon -Calgary','A73','Aircrafts-Calgary'),
('P133','Thunderstorms, Tornados & Tropical storms-Gulf of Mexico','A78','Pipelines-Gulf of Mexico'),
('P134','Hurricane-Typhoon -Gulf of Mexico','A79','Property (Office Locations)-Gulf of Mexico'),
('P135','Thunderstorms, Tornados & Tropical storms-Gulf of Mexico','A81','Warehouse & Cold Storage-Gulf of Mexico'),
('P136','Thunderstorms, Tornados & Tropical storms-Gulf of Mexico','A83','Supermarkets & Malls-Gulf of Mexico'),
('P137','Thunderstorms, Tornados & Tropical storms-Gulf of Mexico','A88','Aircrafts-Gulf of Mexico'),
('P138','Earthquake-Gulf of Mexico','A90','Fleets & Cars-Gulf of Mexico'),
('P139','Thunderstorms, Tornados & Hail-Tokyo','A93','Pipelines-Tokyo'),
('P140','Hurricane-Typhoon -Tokyo','A93','Pipelines-Tokyo'),
('P141','Earthquake-Tokyo','A93','Pipelines-Tokyo'),
('P142','Thunderstorms, Tornados & Hail-Tokyo','A94','Property (Office Locations)-Tokyo'),
('P143','Hurricane-Typhoon -Tokyo','A94','Property (Office Locations)-Tokyo'),
('P144','Earthquake-Tokyo','A98','Supermarkets & Malls-Tokyo'),
('P145','Thunderstorms, Tornados & Hail-Tokyo','A99','Mines-Tokyo'),
('P146','Fire-Tokyo','A103','Aircrafts-Tokyo'),
('P147','Earthquake-Tokyo','A103','Aircrafts-Tokyo'),
('P148','Thunderstorms, Tornados & Hail-Tokyo','A105','Fleets & Cars-Tokyo'),
('P149','Hurricane-Typhoon -Tokyo','A105','Fleets & Cars-Tokyo'),
('P150','Earthquake-Tokyo','A105','Fleets & Cars-Tokyo'),
('P151','Fire-Tokyo','A94','Property (Office Locations)-Tokyo'),
('P152','Thunderstorms, Tornados & Hail-Tokyo','A98','Supermarkets & Malls-Tokyo'),
('P153','Tropical Storm-Tokyo','A99','Mines-Tokyo'),
('P154','Earthquake-Tokyo','A98','Supermarkets & Malls-Tokyo'),
('P155','Fire-Tokyo','A99','Mines-Tokyo'),
('P156','Fire-Tokyo','A98','Supermarkets & Malls-Tokyo'),
('P157','Thunderstorms, Tornados & Tropical storms-Caribbean Islands','A109','Property (Office Locations)-Caribbean Islands'),
('P158','Thunderstorms, Tornados & Tropical storms-Caribbean Islands','A109','Property (Office Locations)-Caribbean Islands'),
('P159','Thunderstorms, Tornados & Tropical storms-Caribbean Islands','A113','Supermarkets & Malls-Caribbean Islands'),
('P160','Earthquake-Caribbean Islands','A113','Supermarkets & Malls-Caribbean Islands'),
('P161','Thunderstorms, Tornados & Hail-Caribbean Islands','A113','Supermarkets & Malls-Caribbean Islands'),
('P162','Thunderstorms, Tornados & Tropical storms-Caribbean Islands','A109','Property (Office Locations)-Caribbean Islands'),
('P163','Earthquake-Caribbean Islands','A118','Aircrafts-Caribbean Islands'),
('P164','Hurricane-Typhoon -Caribbean Islands','A118','Aircrafts-Caribbean Islands'),
('P165','Thunderstorms, Tornados & Hail-Caribbean Islands','A118','Aircrafts-Caribbean Islands'),
('P166','Hurricane-Typhoon -Caribbean Islands','A120','Fleets & Cars-Caribbean Islands'),
('P167','Earthquake-Caribbean Islands','A120','Fleets & Cars-Caribbean Islands'),
('P168','Fire-Caribbean Islands','A120','Fleets & Cars-Caribbean Islands'),
('P169','Tropical Storm-Caribbean Islands','A120','Fleets & Cars-Caribbean Islands'),
('P170','Earthquake-Texas','A124','Property (Office Locations)-Texas'),
('P171','Thunderstorms, Tornados & Hail-Texas','A124','Property (Office Locations)-Texas'),
('P172','Hurricane-Typhoon -Texas','A124','Property (Office Locations)-Texas'),
('P173','Earthquake-Texas','A127','Hotels & Resorts-Texas'),
('P174','Hurricane-Typhoon -Texas','A128','Supermarkets & Malls-Texas'),
('P175','Thunderstorms, Tornados & Hail-Texas','A131','Oil Refineries-Texas'),
('P176','Hurricane-Typhoon -Texas','A131','Oil Refineries-Texas'),
('P177','Earthquake-Texas','A131','Oil Refineries-Texas'),
('P178','Hurricane-Typhoon -Texas','A132','Telecom Towers-Texas'),
('P179','Thunderstorms, Tornados & Hail-Texas','A132','Telecom Towers-Texas'),
('P180','Hurricane-Typhoon -Texas','A133','Aircrafts-Texas'),
('P181','Earthquake-Texas','A135','Fleets & Cars-Texas'),
('P182','Hurricane-Typhoon -Texas','A135','Fleets & Cars-Texas');


CREATE TABLE AssetMaster (
    Asset_Code VARCHAR(4),
    Asset_Description VARCHAR(45),
    Asset VARCHAR(27),
    Location VARCHAR(17),
    Asset_Value_Year_1 INT,
    Asset_Value_Year_2 INT,
    Asset_Value_Year_3 INT,
    Asset_Value_Year_4 INT,
    Asset_Value_Year_5 INT,
    Life_of_the_Asset INT,
    primary key(Asset_Code)
);
INSERT INTO AssetMaster VALUES ('A1','Heavy Machinery-Mumbai','Heavy Machinery','Mumbai',200000,180000,160000,140000,120000,10),
	('A2','Heat Exchanger-Mumbai','Heat Exchanger','Mumbai',200000,160000,120000,80000,40000,5),
	('A3','Pipelines-Mumbai','Pipelines','Mumbai',NULL,NULL,NULL,NULL,NULL,10),
	('A4','Property (Office Locations)-Mumbai','Property (Office Locations)','Mumbai',700000,630000,560000,490000,420000,10),
	('A5','Manufacturing Plants-Mumbai','Manufacturing Plants','Mumbai',NULL,NULL,NULL,NULL,NULL,10),
	('A6','Warehouse & Cold Storage-Mumbai','Warehouse & Cold Storage','Mumbai',400000,320000,240000,160000,80000,5),
	('A7','Hotels & Resorts-Mumbai','Hotels & Resorts','Mumbai',800000,720000,640000,560000,480000,10),
	('A8','Supermarkets & Malls-Mumbai','Supermarkets & Malls','Mumbai',300000,240000,180000,120000,60000,5),
	('A9','Mines-Mumbai','Mines','Mumbai',300000,270000,240000,210000,180000,10),
	('A10','Power Plants-Mumbai','Power Plants','Mumbai',400000,320000,240000,160000,80000,5),
	('A11','Oil Refineries-Mumbai','Oil Refineries','Mumbai',1000000,900000,800000,700000,600000,10),
	('A12','Telecom Towers-Mumbai','Telecom Towers','Mumbai',500000,375000,250000,125000,NULL,4),
	('A13','Aircrafts-Mumbai','Aircrafts','Mumbai',200000,160000,120000,80000,40000,5),
	('A14','Ships & Cargo-Mumbai','Ships & Cargo','Mumbai',300000,240000,180000,120000,60000,5),
	('A15','Fleets & Cars-Mumbai','Fleets & Cars','Mumbai',200000,150000,100000,50000,NULL,4),
	('A16','Heavy Machinery-Germany','Heavy Machinery','Germany',300000,270000,240000,210000,180000,10),
	('A17','Heat Exchanger-Germany','Heat Exchanger','Germany',NULL,NULL,NULL,NULL,NULL,5),
	('A18','Pipelines-Germany','Pipelines','Germany',NULL,NULL,NULL,NULL,NULL,10),
	('A19','Property (Office Locations)-Germany','Property (Office Locations)','Germany',500000,450000,400000,350000,300000,10),
	('A20','Manufacturing Plants-Germany','Manufacturing Plants','Germany',500000,450000,400000,350000,300000,10),
	('A21','Warehouse & Cold Storage-Germany','Warehouse & Cold Storage','Germany',NULL,NULL,NULL,NULL,NULL,5),
	('A22','Hotels & Resorts-Germany','Hotels & Resorts','Germany',1000000,900000,800000,700000,600000,10),
	('A23','Supermarkets & Malls-Germany','Supermarkets & Malls','Germany',300000,240000,180000,120000,60000,5),
	('A24','Mines-Germany','Mines','Germany',NULL,NULL,NULL,NULL,NULL,10),
	('A25','Power Plants-Germany','Power Plants','Germany',300000,240000,180000,120000,60000,5),
	('A26','Oil Refineries-Germany','Oil Refineries','Germany',NULL,NULL,NULL,NULL,NULL,10),
	('A27','Telecom Towers-Germany','Telecom Towers','Germany',NULL,NULL,NULL,NULL,NULL,4),
	('A28','Aircrafts-Germany','Aircrafts','Germany',400000,320000,240000,160000,80000,5),
	('A29','Ships & Cargo-Germany','Ships & Cargo','Germany',NULL,NULL,NULL,NULL,NULL,5),
	('A30','Fleets & Cars-Germany','Fleets & Cars','Germany',200000,150000,100000,50000,NULL,4),
	('A31','Heavy Machinery-Manila','Heavy Machinery','Manila',NULL,NULL,NULL,NULL,NULL,10),
	('A32','Heat Exchanger-Manila','Heat Exchanger','Manila',NULL,NULL,NULL,NULL,NULL,5),
	('A33','Pipelines-Manila','Pipelines','Manila',400000,360000,320000,280000,240000,10),
	('A34','Property (Office Locations)-Manila','Property (Office Locations)','Manila',400000,360000,320000,280000,240000,10),
	('A35','Manufacturing Plants-Manila','Manufacturing Plants','Manila',NULL,NULL,NULL,NULL,NULL,10),
	('A36','Warehouse & Cold Storage-Manila','Warehouse & Cold Storage','Manila',300000,240000,180000,120000,60000,5),
	('A37','Hotels & Resorts-Manila','Hotels & Resorts','Manila',NULL,NULL,NULL,NULL,NULL,10),
	('A38','Supermarkets & Malls-Manila','Supermarkets & Malls','Manila',500000,400000,300000,200000,100000,5),
	('A39','Mines-Manila','Mines','Manila',NULL,NULL,NULL,NULL,NULL,10),
	('A40','Power Plants-Manila','Power Plants','Manila',300000,240000,180000,120000,60000,5),
	('A41','Oil Refineries-Manila','Oil Refineries','Manila',NULL,NULL,NULL,NULL,NULL,10),
	('A42','Telecom Towers-Manila','Telecom Towers','Manila',NULL,NULL,NULL,NULL,NULL,4),
	('A43','Aircrafts-Manila','Aircrafts','Manila',500000,400000,300000,200000,100000,5),
	('A44','Ships & Cargo-Manila','Ships & Cargo','Manila',NULL,NULL,NULL,NULL,NULL,5),
	('A45','Fleets & Cars-Manila','Fleets & Cars','Manila',300000,225000,150000,75000,NULL,4),
	('A46','Heavy Machinery-San Francisco','Heavy Machinery','San Francisco',NULL,NULL,NULL,NULL,NULL,10),
	('A47','Heat Exchanger-San Francisco','Heat Exchanger','San Francisco',600000,480000,360000,240000,120000,5),
	('A48','Pipelines-San Francisco','Pipelines','San Francisco',NULL,NULL,NULL,NULL,NULL,10),
	('A49','Property (Office Locations)-San Francisco','Property (Office Locations)','San Francisco',800000,720000,640000,560000,480000,10),
	('A50','Manufacturing Plants-San Francisco','Manufacturing Plants','San Francisco',NULL,NULL,NULL,NULL,NULL,10),
	('A51','Warehouse & Cold Storage-San Francisco','Warehouse & Cold Storage','San Francisco',NULL,NULL,NULL,NULL,NULL,5),
	('A52','Hotels & Resorts-San Francisco','Hotels & Resorts','San Francisco',NULL,NULL,NULL,NULL,NULL,10),
	('A53','Supermarkets & Malls-San Francisco','Supermarkets & Malls','San Francisco',500000,400000,300000,200000,100000,5),
	('A54','Mines-San Francisco','Mines','San Francisco',300000,270000,240000,210000,180000,10),
	('A55','Power Plants-San Francisco','Power Plants','San Francisco',500000,400000,300000,200000,100000,5),
	('A56','Oil Refineries-San Francisco','Oil Refineries','San Francisco',NULL,NULL,NULL,NULL,NULL,10),
	('A57','Telecom Towers-San Francisco','Telecom Towers','San Francisco',NULL,NULL,NULL,NULL,NULL,4),
	('A58','Aircrafts-San Francisco','Aircrafts','San Francisco',200000,160000,120000,80000,40000,5),
	('A59','Ships & Cargo-San Francisco','Ships & Cargo','San Francisco',NULL,NULL,NULL,NULL,NULL,5),
	('A60','Fleets & Cars-San Francisco','Fleets & Cars','San Francisco',400000,300000,200000,100000,NULL,4),
	('A61','Heavy Machinery-Calgary','Heavy Machinery','Calgary',NULL,NULL,NULL,NULL,NULL,10),
	('A62','Heat Exchanger-Calgary','Heat Exchanger','Calgary',NULL,NULL,NULL,NULL,NULL,5),
	('A63','Pipelines-Calgary','Pipelines','Calgary',NULL,NULL,NULL,NULL,NULL,10),
	('A64','Property (Office Locations)-Calgary','Property (Office Locations)','Calgary',1000000,900000,800000,700000,600000,10),
	('A65','Manufacturing Plants-Calgary','Manufacturing Plants','Calgary',NULL,NULL,NULL,NULL,NULL,10),
	('A66','Warehouse & Cold Storage-Calgary','Warehouse & Cold Storage','Calgary',NULL,NULL,NULL,NULL,NULL,5),
	('A67','Hotels & Resorts-Calgary','Hotels & Resorts','Calgary',1100000,990000,880000,770000,660000,10),
	('A68','Supermarkets & Malls-Calgary','Supermarkets & Malls','Calgary',300000,240000,180000,120000,60000,5),
	('A69','Mines-Calgary','Mines','Calgary',300000,270000,240000,210000,180000,10),
	('A70','Power Plants-Calgary','Power Plants','Calgary',NULL,NULL,NULL,NULL,NULL,5),
	('A71','Oil Refineries-Calgary','Oil Refineries','Calgary',1000000,900000,800000,700000,600000,10),
	('A72','Telecom Towers-Calgary','Telecom Towers','Calgary',500000,375000,250000,125000,NULL,4),
	('A73','Aircrafts-Calgary','Aircrafts','Calgary',200000,160000,120000,80000,40000,5),
	('A74','Ships & Cargo-Calgary','Ships & Cargo','Calgary',NULL,NULL,NULL,NULL,NULL,5),
	('A75','Fleets & Cars-Calgary','Fleets & Cars','Calgary',200000,150000,100000,50000,NULL,4),
	('A76','Heavy Machinery-Gulf of Mexico','Heavy Machinery','Gulf of Mexico',NULL,NULL,NULL,NULL,NULL,10),
	('A77','Heat Exchanger-Gulf of Mexico','Heat Exchanger','Gulf of Mexico',NULL,NULL,NULL,NULL,NULL,5),
	('A78','Pipelines-Gulf of Mexico','Pipelines','Gulf of Mexico',400000,360000,320000,280000,240000,10),
	('A79','Property (Office Locations)-Gulf of Mexico','Property (Office Locations)','Gulf of Mexico',500000,450000,400000,350000,300000,10),
	('A80','Manufacturing Plants-Gulf of Mexico','Manufacturing Plants','Gulf of Mexico',NULL,NULL,NULL,NULL,NULL,10),
	('A81','Warehouse & Cold Storage-Gulf of Mexico','Warehouse & Cold Storage','Gulf of Mexico',200000,160000,120000,80000,40000,5),
	('A82','Hotels & Resorts-Gulf of Mexico','Hotels & Resorts','Gulf of Mexico',NULL,NULL,NULL,NULL,NULL,10),
	('A83','Supermarkets & Malls-Gulf of Mexico','Supermarkets & Malls','Gulf of Mexico',300000,240000,180000,120000,60000,5),
	('A84','Mines-Gulf of Mexico','Mines','Gulf of Mexico',NULL,NULL,NULL,NULL,NULL,10),
	('A85','Power Plants-Gulf of Mexico','Power Plants','Gulf of Mexico',NULL,NULL,NULL,NULL,NULL,5),
	('A86','Oil Refineries-Gulf of Mexico','Oil Refineries','Gulf of Mexico',NULL,NULL,NULL,NULL,NULL,10),
	('A87','Telecom Towers-Gulf of Mexico','Telecom Towers','Gulf of Mexico',NULL,NULL,NULL,NULL,NULL,4),
	('A88','Aircrafts-Gulf of Mexico','Aircrafts','Gulf of Mexico',500000,400000,300000,200000,100000,5),
	('A89','Ships & Cargo-Gulf of Mexico','Ships & Cargo','Gulf of Mexico',NULL,NULL,NULL,NULL,NULL,5),
	('A90','Fleets & Cars-Gulf of Mexico','Fleets & Cars','Gulf of Mexico',600000,450000,300000,150000,NULL,4),
	('A91','Heavy Machinery-Tokyo','Heavy Machinery','Tokyo',NULL,NULL,NULL,NULL,NULL,10),
	('A92','Heat Exchanger-Tokyo','Heat Exchanger','Tokyo',NULL,NULL,NULL,NULL,NULL,5),
	('A93','Pipelines-Tokyo','Pipelines','Tokyo',400000,360000,320000,280000,240000,10),
	('A94','Property (Office Locations)-Tokyo','Property (Office Locations)','Tokyo',300000,270000,240000,210000,180000,10),
	('A95','Manufacturing Plants-Tokyo','Manufacturing Plants','Tokyo',NULL,NULL,NULL,NULL,NULL,10),
	('A96','Warehouse & Cold Storage-Tokyo','Warehouse & Cold Storage','Tokyo',NULL,NULL,NULL,NULL,NULL,5),
	('A97','Hotels & Resorts-Tokyo','Hotels & Resorts','Tokyo',NULL,NULL,NULL,NULL,NULL,10),
	('A98','Supermarkets & Malls-Tokyo','Supermarkets & Malls','Tokyo',300000,240000,180000,120000,60000,5),
	('A99','Mines-Tokyo','Mines','Tokyo',300000,270000,240000,210000,180000,10),
	('A100','Power Plants-Tokyo','Power Plants','Tokyo',NULL,NULL,NULL,NULL,NULL,5),
	('A101','Oil Refineries-Tokyo','Oil Refineries','Tokyo',NULL,NULL,NULL,NULL,NULL,10),
	('A102','Telecom Towers-Tokyo','Telecom Towers','Tokyo',NULL,NULL,NULL,NULL,NULL,4),
	('A103','Aircrafts-Tokyo','Aircrafts','Tokyo',200000,160000,120000,80000,40000,5),
	('A104','Ships & Cargo-Tokyo','Ships & Cargo','Tokyo',NULL,NULL,NULL,NULL,NULL,5),
	('A105','Fleets & Cars-Tokyo','Fleets & Cars','Tokyo',400000,300000,200000,100000,NULL,4),
	('A106','Heavy Machinery-Caribbean Islands','Heavy Machinery','Caribbean Islands',NULL,NULL,NULL,NULL,NULL,10),
	('A107','Heat Exchanger-Caribbean Islands','Heat Exchanger','Caribbean Islands',NULL,NULL,NULL,NULL,NULL,5),
	('A108','Pipelines-Caribbean Islands','Pipelines','Caribbean Islands',NULL,NULL,NULL,NULL,NULL,10),
	('A109','Property (Office Locations)-Caribbean Islands','Property (Office Locations)','Caribbean Islands',400000,360000,320000,280000,240000,10),
	('A110','Manufacturing Plants-Caribbean Islands','Manufacturing Plants','Caribbean Islands',NULL,NULL,NULL,NULL,NULL,10),
	('A111','Warehouse & Cold Storage-Caribbean Islands','Warehouse & Cold Storage','Caribbean Islands',NULL,NULL,NULL,NULL,NULL,5),
	('A112','Hotels & Resorts-Caribbean Islands','Hotels & Resorts','Caribbean Islands',NULL,NULL,NULL,NULL,NULL,10),
	('A113','Supermarkets & Malls-Caribbean Islands','Supermarkets & Malls','Caribbean Islands',600000,480000,360000,240000,120000,5),
	('A114','Mines-Caribbean Islands','Mines','Caribbean Islands',NULL,NULL,NULL,NULL,NULL,10),
	('A115','Power Plants-Caribbean Islands','Power Plants','Caribbean Islands',NULL,NULL,NULL,NULL,NULL,5),
	('A116','Oil Refineries-Caribbean Islands','Oil Refineries','Caribbean Islands',NULL,NULL,NULL,NULL,NULL,10),
	('A117','Telecom Towers-Caribbean Islands','Telecom Towers','Caribbean Islands',NULL,NULL,NULL,NULL,NULL,4),
	('A118','Aircrafts-Caribbean Islands','Aircrafts','Caribbean Islands',600000,480000,360000,240000,120000,5),
	('A119','Ships & Cargo-Caribbean Islands','Ships & Cargo','Caribbean Islands',NULL,NULL,NULL,NULL,NULL,5),
	('A120','Fleets & Cars-Caribbean Islands','Fleets & Cars','Caribbean Islands',200000,150000,100000,50000,NULL,4),
	('A121','Heavy Machinery-Texas','Heavy Machinery','Texas',NULL,NULL,NULL,NULL,NULL,10),
	('A122','Heat Exchanger-Texas','Heat Exchanger','Texas',NULL,NULL,NULL,NULL,NULL,5),
	('A123','Pipelines-Texas','Pipelines','Texas',NULL,NULL,NULL,NULL,NULL,10),
	('A124','Property (Office Locations)-Texas','Property (Office Locations)','Texas',1200000,1080000,960000,840000,720000,10),
	('A125','Manufacturing Plants-Texas','Manufacturing Plants','Texas',300000,270000,240000,210000,180000,10),
	('A126','Warehouse & Cold Storage-Texas','Warehouse & Cold Storage','Texas',NULL,NULL,NULL,NULL,NULL,5),
	('A127','Hotels & Resorts-Texas','Hotels & Resorts','Texas',1000000,900000,800000,700000,600000,10),
	('A128','Supermarkets & Malls-Texas','Supermarkets & Malls','Texas',300000,240000,180000,120000,60000,5),
	('A129','Mines-Texas','Mines','Texas',NULL,NULL,NULL,NULL,NULL,10),
	('A130','Power Plants-Texas','Power Plants','Texas',NULL,NULL,NULL,NULL,NULL,5),
	('A131','Oil Refineries-Texas','Oil Refineries','Texas',1000000,900000,800000,700000,600000,10),
	('A132','Telecom Towers-Texas','Telecom Towers','Texas',500000,375000,250000,125000,NULL,4),
	('A133','Aircrafts-Texas','Aircrafts','Texas',200000,160000,120000,80000,40000,5),
	('A134','Ships & Cargo-Texas','Ships & Cargo','Texas',NULL,NULL,NULL,NULL,NULL,5),
	('A135','Fleets & Cars-Texas','Fleets & Cars','Texas',200000,150000,100000,50000,NULL,4);

select * from AssetMaster;

CREATE TABLE RiskMaster (
    Risk_Event_Code VARCHAR(4),
    Risk_Description VARCHAR(250),
    Mapped_Peril VARCHAR(250),
    Location VARCHAR(250),
    Peril VARCHAR(250),
    Asset_to_be_impacted VARCHAR(250),
    Risk_Loss_yr_1 INT,
    Risk_Loss_yr_2 INT,
    Risk_Loss_yr_3 INT,
    Risk_Loss_yr_4 INT,
    Risk_Loss_yr_5 INT,
    Probability NUMERIC(3, 2),
    Policy_to_be_procured VARCHAR(4),
    Premium INT,
    primary key(Risk_Event_Code)
);
INSERT INTO RiskMaster VALUES ('R1','High tide and high rainfalls leading to large floods','Flood','Mumbai','Flood-Mumbai','A1',-200000,-180000,-160000,-140000,-120000,0.17,'P1',20000),
	('R2','Earthquake','Earthquake','Mumbai','Earthquake-Mumbai','A1',-200000,-180000,-160000,-140000,-120000,0.20,'P2',20000),
	('R3','Fire','Fire','Mumbai','Fire-Mumbai','A1',-200000,-180000,-160000,-140000,-120000,0.20,'P3',20000),
	('R4','Typhoon','Typhoon','Mumbai','Typhoon-Mumbai','A1',-200000,-180000,-160000,-140000,-120000,0.30,'P4',20000),
	('R5','Thunderstorms, Tornados & Hail','Thunderstorms, Tornados & Hail','Mumbai','Thunderstorms, Tornados & Hail-Mumbai','A1',-200000,-180000,-160000,-140000,-120000,0.15,'P5',20000),
	('R6','Tsunami','Tsunami','Mumbai','Tsunami-Mumbai','A1',-200000,-180000,-160000,-140000,-120000,0.14,'P6',20000),
	('R7','High tide and high rainfalls leading to large floods','Flood','Mumbai','Flood-Mumbai','A2',-200000,-160000,-120000,-80000,-40000,0.17,'P7',20000),
	('R8','Earthquake','Earthquake','Mumbai','Earthquake-Mumbai','A2',-200000,-160000,-120000,-80000,-40000,0.20,'P8',20000),
	('R9','Fire','Fire','Mumbai','Fire-Mumbai','A2',-200000,-160000,-120000,-80000,-40000,0.20,'P9',20000),
	('R10','Typhoon','Typhoon','Mumbai','Typhoon-Mumbai','A2',-200000,-160000,-120000,-80000,-40000,0.30,'P10',20000),
	('R11','Thunderstorms, Tornados & Hail','Thunderstorms, Tornados & Hail','Mumbai','Thunderstorms, Tornados & Hail-Mumbai','A4',-700000,-630000,-560000,-490000,-420000,0.15,'P11',70000),
	('R12','Tsunami','Tsunami','Mumbai','Tsunami-Mumbai','A4',-700000,-630000,-560000,-490000,-420000,0.14,'P12',70000),
	('R13','High tide and high rainfalls leading to large floods','Flood','Mumbai','Flood-Mumbai','A6',-400000,-320000,-240000,-160000,-80000,0.17,'P13',40000),
	('R14','Earthquake','Earthquake','Mumbai','Earthquake-Mumbai','A6',-400000,-320000,-240000,-160000,-80000,0.20,'P14',40000),
	('R15','Terror Attack','Terror Attack','Mumbai','Terror Attack-Mumbai','A4',-700000,-630000,-560000,-490000,-420000,0.00,'P15',70000),
	('R16','Typhoon','Typhoon','Mumbai','Typhoon-Mumbai','A6',-400000,-320000,-240000,-160000,-80000,0.30,'P16',40000),
	('R17','Thunderstorms, Tornados & Hail','Thunderstorms, Tornados & Hail','Mumbai','Thunderstorms, Tornados & Hail-Mumbai','A6',-400000,-320000,-240000,-160000,-80000,0.15,'P17',40000),
	('R18','Tsunami','Tsunami','Mumbai','Tsunami-Mumbai','A6',-400000,-320000,-240000,-160000,-80000,0.14,'P18',40000),
	('R19','High tide and high rainfalls leading to large floods','Flood','Mumbai','Flood-Mumbai','A7',-800000,-720000,-640000,-560000,-480000,0.17,'P19',80000),
	('R20','Earthquake','Earthquake','Mumbai','Earthquake-Mumbai','A8',-300000,-240000,-180000,-120000,-60000,0.20,'P20',30000),
	('R21','Fire','Fire','Mumbai','Fire-Mumbai','A7',-800000,-720000,-640000,-560000,-480000,0.20,'P21',80000),
	('R22','Typhoon','Typhoon','Mumbai','Typhoon-Mumbai','A8',-300000,-240000,-180000,-120000,-60000,0.30,'P22',30000),
	('R23','Thunderstorms, Tornados & Hail','Thunderstorms, Tornados & Hail','Mumbai','Thunderstorms, Tornados & Hail-Mumbai','A8',-300000,-240000,-180000,-120000,-60000,0.15,'P23',30000),
	('R24','Tsunami','Tsunami','Mumbai','Tsunami-Mumbai','A8',-300000,-240000,-180000,-120000,-60000,0.14,'P24',30000),
	('R25','High tide and high rainfalls leading to large floods','Flood','Mumbai','Flood-Mumbai','A9',-300000,-270000,-240000,-210000,-180000,0.17,'P25',30000),
	('R26','Earthquake','Earthquake','Mumbai','Earthquake-Mumbai','A9',-300000,-270000,-240000,-210000,-180000,0.20,'P26',30000),
	('R27','Fire','Fire','Mumbai','Fire-Mumbai','A9',-300000,-270000,-240000,-210000,-180000,0.20,'P27',30000),
	('R28','Typhoon','Typhoon','Mumbai','Typhoon-Mumbai','A9',-300000,-270000,-240000,-210000,-180000,0.30,'P28',30000),
	('R29','Thunderstorms, Tornados & Hail','Thunderstorms, Tornados & Hail','Mumbai','Thunderstorms, Tornados & Hail-Mumbai','A9',-300000,-270000,-240000,-210000,-180000,0.15,'P29',30000),
	('R30','Tsunami','Tsunami','Mumbai','Tsunami-Mumbai','A9',-300000,-270000,-240000,-210000,-180000,0.14,'P30',30000),
	('R31','High tide and high rainfalls leading to large floods','Flood','Mumbai','Flood-Mumbai','A10',-400000,-320000,-240000,-160000,-80000,0.17,'P31',40000),
	('R32','Earthquake','Earthquake','Mumbai','Earthquake-Mumbai','A10',-400000,-320000,-240000,-160000,-80000,0.20,'P32',40000),
	('R33','Fire','Fire','Mumbai','Fire-Mumbai','A10',-400000,-320000,-240000,-160000,-80000,0.20,'P33',40000),
	('R34','Terror Attack','Terror Attack','Mumbai','Terror Attack-Mumbai','A10',-400000,-320000,-240000,-160000,-80000,0.00,'P34',40000),
	('R35','Thunderstorms, Tornados & Hail','Thunderstorms, Tornados & Hail','Mumbai','Thunderstorms, Tornados & Hail-Mumbai','A10',-400000,-320000,-240000,-160000,-80000,0.15,'P35',40000),
	('R36','Tsunami','Tsunami','Mumbai','Tsunami-Mumbai','A10',-400000,-320000,-240000,-160000,-80000,0.14,'P36',40000),
	('R37','High tide and high rainfalls leading to large floods','Flood','Mumbai','Flood-Mumbai','A11',-1000000,-900000,-800000,-700000,-600000,0.17,'P37',100000),
	('R38','Earthquake','Earthquake','Mumbai','Earthquake-Mumbai','A11',-1000000,-900000,-800000,-700000,-600000,0.20,'P38',100000),
	('R39','Fire','Fire','Mumbai','Fire-Mumbai','A11',-1000000,-900000,-800000,-700000,-600000,0.20,'P39',100000),
	('R40','Typhoon','Typhoon','Mumbai','Typhoon-Mumbai','A11',-1000000,-900000,-800000,-700000,-600000,0.30,'P40',100000),
	('R41','Thunderstorms, Tornados & Hail','Thunderstorms, Tornados & Hail','Mumbai','Thunderstorms, Tornados & Hail-Mumbai','A11',-1000000,-900000,-800000,-700000,-600000,0.15,'P41',100000),
	('R42','Tsunami','Tsunami','Mumbai','Tsunami-Mumbai','A11',-1000000,-900000,-800000,-700000,-600000,0.14,'P42',100000),
	('R43','High tide and high rainfalls leading to large floods','Flood','Mumbai','Flood-Mumbai','A12',-500000,-375000,-250000,-125000,NULL,0.17,'P43',50000),
	('R44','Earthquake','Earthquake','Mumbai','Earthquake-Mumbai','A12',-500000,-375000,-250000,-125000,NULL,0.20,'P44',50000),
	('R45','Fire','Fire','Mumbai','Fire-Mumbai','A12',-500000,-375000,-250000,-125000,NULL,0.20,'P45',50000),
	('R46','Typhoon','Typhoon','Mumbai','Typhoon-Mumbai','A12',-500000,-375000,-250000,-125000,NULL,0.30,'P46',50000),
	('R47','Thunderstorms, Tornados & Hail','Thunderstorms, Tornados & Hail','Mumbai','Thunderstorms, Tornados & Hail-Mumbai','A12',-500000,-375000,-250000,-125000,NULL,0.15,'P47',50000),
	('R48','Tsunami','Tsunami','Mumbai','Tsunami-Mumbai','A12',-500000,-375000,-250000,-125000,NULL,0.14,'P48',50000),
	('R49','High tide and high rainfalls leading to large floods','Flood','Mumbai','Flood-Mumbai','A13',-200000,-160000,-120000,-80000,-40000,0.17,'P49',20000),
	('R50','Earthquake','Earthquake','Mumbai','Earthquake-Mumbai','A13',-200000,-160000,-120000,-80000,-40000,0.20,'P50',20000),
	('R51','Fire','Fire','Mumbai','Fire-Mumbai','A13',-200000,-160000,-120000,-80000,-40000,0.20,'P51',20000),
	('R52','Typhoon','Typhoon','Mumbai','Typhoon-Mumbai','A13',-200000,-160000,-120000,-80000,-40000,0.30,'P52',20000),
	('R53','Thunderstorms, Tornados & Hail','Thunderstorms, Tornados & Hail','Mumbai','Thunderstorms, Tornados & Hail-Mumbai','A13',-200000,-160000,-120000,-80000,-40000,0.15,'P53',20000),
	('R54','Tsunami','Tsunami','Mumbai','Tsunami-Mumbai','A13',-200000,-160000,-120000,-80000,-40000,0.14,'P54',20000),
	('R55','High tide and high rainfalls leading to large floods','Flood','Mumbai','Flood-Mumbai','A14',-300000,-240000,-180000,-120000,-60000,0.17,'P55',30000),
	('R56','Earthquake','Earthquake','Mumbai','Earthquake-Mumbai','A14',-300000,-240000,-180000,-120000,-60000,0.20,'P56',30000),
	('R57','Fire','Fire','Mumbai','Fire-Mumbai','A14',-300000,-240000,-180000,-120000,-60000,0.20,'P57',30000),
	('R58','Typhoon','Typhoon','Mumbai','Typhoon-Mumbai','A14',-300000,-240000,-180000,-120000,-60000,0.30,'P58',30000),
	('R59','Thunderstorms, Tornados & Hail','Thunderstorms, Tornados & Hail','Mumbai','Thunderstorms, Tornados & Hail-Mumbai','A14',-300000,-240000,-180000,-120000,-60000,0.15,'P59',30000),
	('R60','Tsunami','Tsunami','Mumbai','Tsunami-Mumbai','A14',-300000,-240000,-180000,-120000,-60000,0.14,'P60',30000),
	('R61','High tide and high rainfalls leading to large floods','Flood','Mumbai','Flood-Mumbai','A15',-200000,-150000,-100000,-50000,NULL,0.17,'P61',20000),
	('R62','Earthquake','Earthquake','Mumbai','Earthquake-Mumbai','A15',-200000,-150000,-100000,-50000,NULL,0.20,'P62',20000),
	('R63','Fire','Fire','Mumbai','Fire-Mumbai','A15',-200000,-150000,-100000,-50000,NULL,0.20,'P63',20000),
	('R64','Typhoon','Typhoon','Mumbai','Typhoon-Mumbai','A15',-200000,-150000,-100000,-50000,NULL,0.30,'P64',20000),
	('R65','Thunderstorms, Tornados & Hail','Thunderstorms, Tornados & Hail','Mumbai','Thunderstorms, Tornados & Hail-Mumbai','A15',-200000,-150000,-100000,-50000,NULL,0.15,'P65',20000),
	('R66','Tsunami','Tsunami','Mumbai','Tsunami-Mumbai','A15',-200000,-150000,-100000,-50000,NULL,0.14,'P66',20000),
	('R67','Hurricane-Typhoon ','Hurricane-Typhoon ','Germany','Hurricane-Typhoon -Germany','A16',-300000,-270000,-240000,-210000,-180000,0.15,'P67',30000),
	('R68','Earthquake','Earthquake','Germany','Earthquake-Germany','A16',-300000,-270000,-240000,-210000,-180000,0.10,'P68',30000),
	('R69','Fire','Fire','Germany','Fire-Germany','A16',-300000,-270000,-240000,-210000,-180000,0.25,'P69',30000),
	('R70','Thunderstorms, Tornados & Hail','Thunderstorms, Tornados & Hail','Germany','Thunderstorms, Tornados & Hail-Germany','A16',-300000,-270000,-240000,-210000,-180000,0.30,'P70',30000),
	('R71','Hurricane-Typhoon ','Hurricane-Typhoon ','Germany','Hurricane-Typhoon -Germany','A19',-500000,-450000,-400000,-350000,-300000,0.15,'P71',50000),
	('R72','Earthquake','Earthquake','Germany','Earthquake-Germany','A19',-500000,-450000,-400000,-350000,-300000,0.10,'P72',50000),
	('R73','Fire','Fire','Germany','Fire-Germany','A19',-500000,-450000,-400000,-350000,-300000,0.25,'P73',50000),
	('R74','Thunderstorms, Tornados & Hail','Thunderstorms, Tornados & Hail','Germany','Thunderstorms, Tornados & Hail-Germany','A19',-500000,-450000,-400000,-350000,-300000,0.30,'P74',50000),
	('R75','Hurricane-Typhoon ','Hurricane-Typhoon ','Germany','Hurricane-Typhoon -Germany','A22',-1000000,-900000,-800000,-700000,-600000,0.15,'P75',100000),
	('R76','Earthquake','Earthquake','Germany','Earthquake-Germany','A22',-1000000,-900000,-800000,-700000,-600000,0.10,'P76',100000),
	('R77','Fire','Fire','Germany','Fire-Germany','A22',-1000000,-900000,-800000,-700000,-600000,0.25,'P77',100000),
	('R78','Thunderstorms, Tornados & Hail','Thunderstorms, Tornados & Hail','Germany','Thunderstorms, Tornados & Hail-Germany','A22',-1000000,-900000,-800000,-700000,-600000,0.30,'P78',100000),
	('R79','Hurricane-Typhoon ','Hurricane-Typhoon ','Germany','Hurricane-Typhoon -Germany','A23',-300000,-240000,-180000,-120000,-60000,0.15,'P79',30000),
	('R80','Earthquake','Earthquake','Germany','Earthquake-Germany','A23',-300000,-240000,-180000,-120000,-60000,0.10,'P80',30000),
	('R81','Fire','Fire','Germany','Fire-Germany','A23',-300000,-240000,-180000,-120000,-60000,0.25,'P81',30000),
	('R82','Thunderstorms, Tornados & Hail','Thunderstorms, Tornados & Hail','Germany','Thunderstorms, Tornados & Hail-Germany','A23',-300000,-240000,-180000,-120000,-60000,0.30,'P82',30000),
	('R83','Hurricane-Typhoon ','Hurricane-Typhoon ','Germany','Hurricane-Typhoon -Germany','A25',-300000,-240000,-180000,-120000,-60000,0.15,'P83',30000),
	('R84','Earthquake','Earthquake','Germany','Earthquake-Germany','A25',-300000,-240000,-180000,-120000,-60000,0.10,'P84',30000),
	('R85','Fire','Fire','Germany','Fire-Germany','A25',-300000,-240000,-180000,-120000,-60000,0.25,'P85',30000),
	('R86','Thunderstorms, Tornados & Hail','Thunderstorms, Tornados & Hail','Germany','Thunderstorms, Tornados & Hail-Germany','A25',-300000,-240000,-180000,-120000,-60000,0.30,'P86',30000),
	('R87','Hurricane-Typhoon ','Hurricane-Typhoon ','Germany','Hurricane-Typhoon -Germany','A28',-400000,-320000,-240000,-160000,-80000,0.15,'P87',40000),
	('R88','Earthquake','Earthquake','Germany','Earthquake-Germany','A28',-400000,-320000,-240000,-160000,-80000,0.10,'P88',40000),
	('R89','Fire','Fire','Germany','Fire-Germany','A28',-400000,-320000,-240000,-160000,-80000,0.25,'P89',40000),
	('R90','Thunderstorms, Tornados & Hail','Thunderstorms, Tornados & Hail','Germany','Thunderstorms, Tornados & Hail-Germany','A28',-400000,-320000,-240000,-160000,-80000,0.30,'P90',40000),
	('R91','Hurricane-Typhoon ','Hurricane-Typhoon ','Germany','Hurricane-Typhoon -Germany','A30',-200000,-150000,-100000,-50000,NULL,0.15,'P91',20000),
	('R92','Earthquake','Earthquake','Germany','Earthquake-Germany','A30',-200000,-150000,-100000,-50000,NULL,0.10,'P92',20000),
	('R93','Fire','Fire','Germany','Fire-Germany','A30',-200000,-150000,-100000,-50000,NULL,0.25,'P93',20000),
	('R94','Thunderstorms, Tornados & Hail','Thunderstorms, Tornados & Hail','Germany','Thunderstorms, Tornados & Hail-Germany','A30',-200000,-150000,-100000,-50000,NULL,0.30,'P94',20000),
	('R95','Extremely Dangerous Super Typhoon Haiyan (Yolanda) to Strike the Philippines ','Hurricane-Typhoon ','Manila','Hurricane-Typhoon -Manila','A34',-400000,-360000,-320000,-280000,-240000,0.20,'P95',40000),
	('R96','Earthquake','Earthquake','Manila','Earthquake-Manila','A34',-400000,-360000,-320000,-280000,-240000,0.10,'P96',40000),
	('R97','Fire','Fire','Manila','Fire-Manila','A34',-400000,-360000,-320000,-280000,-240000,0.40,'P97',40000),
	('R98','Earthquake','Earthquake','Manila','Earthquake-Manila','A33',-400000,-360000,-320000,-280000,-240000,0.10,'P98',40000),
	('R99','Fire','Fire','Manila','Fire-Manila','A33',-400000,-360000,-320000,-280000,-240000,0.40,'P99',40000),
	('R100','Typhoon Nari (Santi) ','Hurricane-Typhoon ','Manila','Hurricane-Typhoon -Manila','A36',-300000,-240000,-180000,-120000,-60000,0.20,'P100',30000),
	('R101','Earthquake','Earthquake','Manila','Earthquake-Manila','A38',-500000,-400000,-300000,-200000,-100000,0.10,'P101',50000),
	('R102','Fire','Fire','Manila','Fire-Manila','A40',-300000,-240000,-180000,-120000,-60000,0.40,'P102',30000),
	('R103','Typhoon Utor (Labuyo)','Hurricane-Typhoon ','Manila','Hurricane-Typhoon -Manila','A43',-500000,-400000,-300000,-200000,-100000,0.20,'P103',50000),
	('R104','Earthquake','Earthquake','Manila','Earthquake-Manila','A43',-500000,-400000,-300000,-200000,-100000,0.10,'P104',50000),
	('R105','Fire','Fire','Manila','Fire-Manila','A43',-500000,-400000,-300000,-200000,-100000,0.40,'P105',50000),
	('R106','Super Typhoon Usagi','Hurricane-Typhoon ','Manila','Hurricane-Typhoon -Manila','A45',-300000,-225000,-150000,-75000,NULL,0.20,'P106',30000),
	('R107','Thunderstorms, Tornados & Hail','Thunderstorms, Tornados & Hail','San Francisco','Thunderstorms, Tornados & Hail-San Francisco','A47',-600000,-480000,-360000,-240000,-120000,0.18,'P107',60000),
	('R108','Hurricane-Typhoon ','Hurricane-Typhoon ','San Francisco','Hurricane-Typhoon -San Francisco','A47',-600000,-480000,-360000,-240000,-120000,0.26,'P108',60000),
	('R109','Earthquake','Earthquake','San Francisco','Earthquake-San Francisco','A47',-600000,-480000,-360000,-240000,-120000,0.15,'P109',60000),
	('R110','Thunderstorms, Tornados & Hail','Thunderstorms, Tornados & Hail','San Francisco','Thunderstorms, Tornados & Hail-San Francisco','A49',-800000,-720000,-640000,-560000,-480000,0.18,'P110',80000),
	('R111','Hurricane-Typhoon ','Hurricane-Typhoon ','San Francisco','Hurricane-Typhoon -San Francisco','A49',-800000,-720000,-640000,-560000,-480000,0.26,'P111',80000),
	('R112','Earthquake','Earthquake','San Francisco','Earthquake-San Francisco','A49',-800000,-720000,-640000,-560000,-480000,0.15,'P112',80000),
	('R113','Thunderstorms, Tornados & Hail','Thunderstorms, Tornados & Hail','San Francisco','Thunderstorms, Tornados & Hail-San Francisco','A53',-500000,-400000,-300000,-200000,-100000,0.18,'P113',50000),
	('R114','Hurricane-Typhoon ','Hurricane-Typhoon ','San Francisco','Hurricane-Typhoon -San Francisco','A53',-500000,-400000,-300000,-200000,-100000,0.26,'P114',50000),
	('R115','Earthquake','Earthquake','San Francisco','Earthquake-San Francisco','A53',-500000,-400000,-300000,-200000,-100000,0.15,'P115',50000),
	('R116','Thunderstorms, Tornados & Hail','Thunderstorms, Tornados & Hail','San Francisco','Thunderstorms, Tornados & Hail-San Francisco','A54',-300000,-270000,-240000,-210000,-180000,0.18,'P116',30000),
	('R117','Hurricane-Typhoon ','Hurricane-Typhoon ','San Francisco','Hurricane-Typhoon -San Francisco','A55',-500000,-400000,-300000,-200000,-100000,0.26,'P117',50000),
	('R118','Earthquake','Earthquake','San Francisco','Earthquake-San Francisco','A60',-400000,-300000,-200000,-100000,NULL,0.15,'P118',40000),
	('R119','Hurricane-Typhoon ','Hurricane-Typhoon ','San Francisco','Hurricane-Typhoon -San Francisco','A58',-200000,-160000,-120000,-80000,-40000,0.26,'P119',20000),
	('R120','Thunderstorms, Tornados & Hail','Thunderstorms, Tornados & Hail','Calgary','Thunderstorms, Tornados & Hail-Calgary','A64',-1000000,-900000,-800000,-700000,-600000,0.25,'P120',100000),
	('R121','Hurricane-Typhoon ','Hurricane-Typhoon ','Calgary','Hurricane-Typhoon -Calgary','A64',-1000000,-900000,-800000,-700000,-600000,0.20,'P121',100000),
	('R122','Earthquake','Earthquake','Calgary','Earthquake-Calgary','A64',-1000000,-900000,-800000,-700000,-600000,0.10,'P122',100000),
	('R123','Thunderstorms, Tornados & Hail','Thunderstorms, Tornados & Hail','Calgary','Thunderstorms, Tornados & Hail-Calgary','A67',-1100000,-990000,-880000,-770000,-660000,0.25,'P123',110000),
	('R124','Hurricane-Typhoon ','Hurricane-Typhoon ','Calgary','Hurricane-Typhoon -Calgary','A68',-300000,-240000,-180000,-120000,-60000,0.20,'P124',30000),
	('R125','Earthquake','Earthquake','Calgary','Earthquake-Calgary','A69',-300000,-270000,-240000,-210000,-180000,0.10,'P125',30000),
	('R126','Thunderstorms, Tornados & Hail','Thunderstorms, Tornados & Hail','Calgary','Thunderstorms, Tornados & Hail-Calgary','A71',-1000000,-900000,-800000,-700000,-600000,0.25,'P126',100000),
	('R127','Hurricane-Typhoon ','Hurricane-Typhoon ','Calgary','Hurricane-Typhoon -Calgary','A72',-500000,-375000,-250000,-125000,NULL,0.20,'P127',50000),
	('R128','Earthquake','Earthquake','Calgary','Earthquake-Calgary','A73',-200000,-160000,-120000,-80000,-40000,0.10,'P128',20000),
	('R129','Thunderstorms, Tornados & Hail','Thunderstorms, Tornados & Hail','Calgary','Thunderstorms, Tornados & Hail-Calgary','A75',-200000,-150000,-100000,-50000,NULL,0.25,'P129',20000),
	('R130','Hurricane-Typhoon ','Hurricane-Typhoon ','Calgary','Hurricane-Typhoon -Calgary','A67',-1100000,-990000,-880000,-770000,-660000,0.20,'P130',110000),
	('R131','Earthquake','Earthquake','Calgary','Earthquake-Calgary','A68',-300000,-240000,-180000,-120000,-60000,0.10,'P131',30000),
	('R132','Hurricane-Typhoon ','Hurricane-Typhoon ','Calgary','Hurricane-Typhoon -Calgary','A73',-200000,-160000,-120000,-80000,-40000,0.20,'P132',20000),
	('R133','Tropical Storm Manuel','Thunderstorms, Tornados & Tropical storms','Gulf of Mexico','Thunderstorms, Tornados & Tropical storms-Gulf of Mexico','A78',-400000,-360000,-320000,-280000,-240000,0.17,'P133',40000),
	('R134','Hurricane Ingrid','Hurricane-Typhoon ','Gulf of Mexico','Hurricane-Typhoon -Gulf of Mexico','A79',-500000,-450000,-400000,-350000,-300000,0.24,'P134',50000),
	('R135','Tropical Storm Lorena','Thunderstorms, Tornados & Tropical storms','Gulf of Mexico','Thunderstorms, Tornados & Tropical storms-Gulf of Mexico','A81',-200000,-160000,-120000,-80000,-40000,0.17,'P135',20000),
	('R136','Tropical Storm Kong-Rey','Thunderstorms, Tornados & Tropical storms','Gulf of Mexico','Thunderstorms, Tornados & Tropical storms-Gulf of Mexico','A83',-300000,-240000,-180000,-120000,-60000,0.17,'P136',30000),
	('R137','Tropical Storm Fernand','Thunderstorms, Tornados & Tropical storms','Gulf of Mexico','Thunderstorms, Tornados & Tropical storms-Gulf of Mexico','A88',-500000,-400000,-300000,-200000,-100000,0.17,'P137',50000),
	('R138','Earthquake','Earthquake','Gulf of Mexico','Earthquake-Gulf of Mexico','A90',-600000,-450000,-300000,-150000,NULL,0.10,'P138',60000),
	('R139','Thunderstorms, Tornados & Hail','Thunderstorms, Tornados & Hail','Tokyo','Thunderstorms, Tornados & Hail-Tokyo','A93',-400000,-360000,-320000,-280000,-240000,0.25,'P139',40000),
	('R140','Hurricane-Typhoon ','Hurricane-Typhoon ','Tokyo','Hurricane-Typhoon -Tokyo','A93',-400000,-360000,-320000,-280000,-240000,0.20,'P140',40000),
	('R141','Earthquake','Earthquake','Tokyo','Earthquake-Tokyo','A93',-400000,-360000,-320000,-280000,-240000,0.30,'P141',40000),
	('R142','Thunderstorms, Tornados & Hail','Thunderstorms, Tornados & Hail','Tokyo','Thunderstorms, Tornados & Hail-Tokyo','A94',-300000,-270000,-240000,-210000,-180000,0.25,'P142',30000),
	('R143','Hurricane-Typhoon ','Hurricane-Typhoon ','Tokyo','Hurricane-Typhoon -Tokyo','A94',-300000,-270000,-240000,-210000,-180000,0.20,'P143',30000),
	('R144','Earthquake','Earthquake','Tokyo','Earthquake-Tokyo','A98',-300000,-240000,-180000,-120000,-60000,0.30,'P144',30000),
	('R145','Thunderstorms, Tornados & Hail','Thunderstorms, Tornados & Hail','Tokyo','Thunderstorms, Tornados & Hail-Tokyo','A99',-300000,-270000,-240000,-210000,-180000,0.25,'P145',30000),
	('R146','Fire','Fire','Tokyo','Fire-Tokyo','A103',-200000,-160000,-120000,-80000,-40000,0.22,'P146',20000),
	('R147','Earthquake','Earthquake','Tokyo','Earthquake-Tokyo','A103',-200000,-160000,-120000,-80000,-40000,0.30,'P147',20000),
	('R148','Thunderstorms, Tornados & Hail','Thunderstorms, Tornados & Hail','Tokyo','Thunderstorms, Tornados & Hail-Tokyo','A105',-400000,-300000,-200000,-100000,NULL,0.25,'P148',40000),
	('R149','Hurricane-Typhoon ','Hurricane-Typhoon ','Tokyo','Hurricane-Typhoon -Tokyo','A105',-400000,-300000,-200000,-100000,NULL,0.20,'P149',40000),
	('R150','Earthquake','Earthquake','Tokyo','Earthquake-Tokyo','A105',-400000,-300000,-200000,-100000,NULL,0.30,'P150',40000),
	('R151','Fire','Fire','Tokyo','Fire-Tokyo','A94',-300000,-270000,-240000,-210000,-180000,0.22,'P151',30000),
	('R152','Thunderstorms, Tornados & Hail','Thunderstorms, Tornados & Hail','Tokyo','Thunderstorms, Tornados & Hail-Tokyo','A98',-300000,-240000,-180000,-120000,-60000,0.25,'P152',30000),
	('R153','Tropical Storm Danas','Tropical Storm','Tokyo','Tropical Storm-Tokyo','A99',-300000,-270000,-240000,-210000,-180000,0.10,'P153',30000),
	('R154','Earthquake','Earthquake','Tokyo','Earthquake-Tokyo','A98',-300000,-240000,-180000,-120000,-60000,0.30,'P154',30000),
	('R155','Fire','Fire','Tokyo','Fire-Tokyo','A99',-300000,-270000,-240000,-210000,-180000,0.22,'P155',30000),
	('R156','Fire','Fire','Tokyo','Fire-Tokyo','A98',-300000,-240000,-180000,-120000,-60000,0.22,'P156',30000),
	('R157','Tropical Storm Chantal','Thunderstorms, Tornados & Tropical storms','Caribbean Islands','Thunderstorms, Tornados & Tropical storms-Caribbean Islands','A109',-400000,-360000,-320000,-280000,-240000,0.15,'P157',40000),
	('R158','Tropical Storm Gabrielle','Thunderstorms, Tornados & Tropical storms','Caribbean Islands','Thunderstorms, Tornados & Tropical storms-Caribbean Islands','A109',-400000,-360000,-320000,-280000,-240000,0.15,'P158',40000),
	('R159','Typhoon Wutip (Paolo)','Thunderstorms, Tornados & Tropical storms','Caribbean Islands','Thunderstorms, Tornados & Tropical storms-Caribbean Islands','A113',-600000,-480000,-360000,-240000,-120000,0.15,'P159',60000),
	('R160','Earthquake','Earthquake','Caribbean Islands','Earthquake-Caribbean Islands','A113',-600000,-480000,-360000,-240000,-120000,0.25,'P160',60000),
	('R161','Thunderstorms, Tornados & Hail','Thunderstorms, Tornados & Hail','Caribbean Islands','Thunderstorms, Tornados & Hail-Caribbean Islands','A113',-600000,-480000,-360000,-240000,-120000,0.22,'P161',60000),
	('R162','Tropical Storm Humberto','Thunderstorms, Tornados & Tropical storms','Caribbean Islands','Thunderstorms, Tornados & Tropical storms-Caribbean Islands','A109',-400000,-360000,-320000,-280000,-240000,0.15,'P162',40000),
	('R163','Earthquake','Earthquake','Caribbean Islands','Earthquake-Caribbean Islands','A118',-600000,-480000,-360000,-240000,-120000,0.25,'P163',60000),
	('R164','Hurricane-Typhoon ','Hurricane-Typhoon ','Caribbean Islands','Hurricane-Typhoon -Caribbean Islands','A118',-600000,-480000,-360000,-240000,-120000,0.15,'P164',60000),
	('R165','Thunderstorms, Tornados & Hail','Thunderstorms, Tornados & Hail','Caribbean Islands','Thunderstorms, Tornados & Hail-Caribbean Islands','A118',-600000,-480000,-360000,-240000,-120000,0.22,'P165',60000),
	('R166','Hurricane-Typhoon ','Hurricane-Typhoon ','Caribbean Islands','Hurricane-Typhoon -Caribbean Islands','A120',-200000,-150000,-100000,-50000,NULL,0.15,'P166',20000),
	('R167','Earthquake','Earthquake','Caribbean Islands','Earthquake-Caribbean Islands','A120',-200000,-150000,-100000,-50000,NULL,0.25,'P167',20000),
	('R168','Fire','Fire','Caribbean Islands','Fire-Caribbean Islands','A120',-200000,-150000,-100000,-50000,NULL,0.14,'P168',20000),
	('R169','Tropical Storm Chantal','Tropical Storm','Caribbean Islands','Tropical Storm-Caribbean Islands','A120',-200000,-150000,-100000,-50000,NULL,0.14,'P169',20000),
	('R170','Earthquake','Earthquake','Texas','Earthquake-Texas','A124',-1200000,-1080000,-960000,-840000,-720000,0.22,'P173',120000),
	('R171','Thunderstorms, Tornados & Hail','Thunderstorms, Tornados & Hail','Texas','Thunderstorms, Tornados & Hail-Texas','A124',-1200000,-1080000,-960000,-840000,-720000,0.15,'P174',120000),
	('R172','Hurricane-Typhoon ','Hurricane-Typhoon ','Texas','Hurricane-Typhoon -Texas','A124',-1200000,-1080000,-960000,-840000,-720000,0.16,'P175',120000),
	('R173','Earthquake','Earthquake','Texas','Earthquake-Texas','A127',-1000000,-900000,-800000,-700000,-600000,0.22,'P176',100000),
	('R174','Hurricane-Typhoon ','Hurricane-Typhoon ','Texas','Hurricane-Typhoon -Texas','A128',-300000,-240000,-180000,-120000,-60000,0.16,'P177',30000),
	('R175','Thunderstorms, Tornados & Hail','Thunderstorms, Tornados & Hail','Texas','Thunderstorms, Tornados & Hail-Texas','A131',-1000000,-900000,-800000,-700000,-600000,0.15,'P178',100000),
	('R176','Hurricane-Typhoon ','Hurricane-Typhoon ','Texas','Hurricane-Typhoon -Texas','A131',-1000000,-900000,-800000,-700000,-600000,0.16,'P179',100000),
	('R177','Earthquake','Earthquake','Texas','Earthquake-Texas','A131',-1000000,-900000,-800000,-700000,-600000,0.22,'P180',100000),
	('R178','Hurricane-Typhoon ','Hurricane-Typhoon ','Texas','Hurricane-Typhoon -Texas','A132',-500000,-375000,-250000,-125000,NULL,0.16,'P181',50000),
	('R179','Thunderstorms, Tornados & Hail','Thunderstorms, Tornados & Hail','Texas','Thunderstorms, Tornados & Hail-Texas','A132',-500000,-375000,-250000,-125000,NULL,0.15,'P182',50000),
	('R180','Hurricane-Typhoon ','Hurricane-Typhoon ','Texas','Hurricane-Typhoon -Texas','A133',-200000,-160000,-120000,-80000,-40000,0.16,'P183',20000),
	('R181','Earthquake','Earthquake','Texas','Earthquake-Texas','A135',-200000,-150000,-100000,-50000,NULL,0.22,'P184',20000),
	('R182','Hurricane-Typhoon ','Hurricane-Typhoon ','Texas','Hurricane-Typhoon -Texas','A135',-200000,-150000,-100000,-50000,NULL,0.16,'P185',20000);

select * from RiskMaster;




 CREATE TABLE Input_Sheet_Year1 (
    Policy_Code VARCHAR(4),
    Policy_Desciption_Perils_covered VARCHAR(59),
    Asset VARCHAR(4),
    Asset_Name VARCHAR(45),
    Premium INT,
    Policy_Selection_Team_1 INT,
    Policy_Selection_Team_2 INT,
    primary key(Policy_Code)
);
INSERT INTO Input_Sheet_Year1(Policy_Code,Policy_Desciption_Perils_covered,Asset, Asset_Name, Premium) VALUES ('P1','Flood-Mumbai','A1','Heavy Machinery-Mumbai',18000),
	('P2','Earthquake-Mumbai','A1','Heavy Machinery-Mumbai',18000),
	('P3','Fire-Mumbai','A1','Heavy Machinery-Mumbai',18000),
	('P4','Typhoon-Mumbai','A1','Heavy Machinery-Mumbai',18000),
	('P5','Thunderstorms, Tornados & Hail-Mumbai','A1','Heavy Machinery-Mumbai',18000),
	('P6','Tsunami-Mumbai','A1','Heavy Machinery-Mumbai',18000),
	('P7','Flood-Mumbai','A2','Heat Exchanger-Mumbai',16000),
	('P8','Earthquake-Mumbai','A2','Heat Exchanger-Mumbai',16000),
	('P9','Fire-Mumbai','A2','Heat Exchanger-Mumbai',16000),
	('P10','Typhoon-Mumbai','A2','Heat Exchanger-Mumbai',16000),
	('P11','Thunderstorms, Tornados & Hail-Mumbai','A4','Property (Office Locations)-Mumbai',63000),
	('P12','Tsunami-Mumbai','A4','Property (Office Locations)-Mumbai',63000),
	('P13','Flood-Mumbai','A6','Warehouse & Cold Storage-Mumbai',32000),
	('P14','Earthquake-Mumbai','A6','Warehouse & Cold Storage-Mumbai',32000),
	('P15','Terror Attack-Mumbai','A4','Property (Office Locations)-Mumbai',63000),
	('P16','Typhoon-Mumbai','A6','Warehouse & Cold Storage-Mumbai',32000),
	('P17','Thunderstorms, Tornados & Hail-Mumbai','A6','Warehouse & Cold Storage-Mumbai',32000),
	('P18','Tsunami-Mumbai','A6','Warehouse & Cold Storage-Mumbai',32000),
	('P19','Flood-Mumbai','A7','Hotels & Resorts-Mumbai',72000),
	('P20','Earthquake-Mumbai','A8','Supermarkets & Malls-Mumbai',24000),
	('P21','Fire-Mumbai','A7','Hotels & Resorts-Mumbai',72000),
	('P22','Typhoon-Mumbai','A8','Supermarkets & Malls-Mumbai',24000),
	('P23','Thunderstorms, Tornados & Hail-Mumbai','A8','Supermarkets & Malls-Mumbai',24000),
	('P24','Tsunami-Mumbai','A8','Supermarkets & Malls-Mumbai',24000),
	('P25','Flood-Mumbai','A9','Mines-Mumbai',27000),
	('P26','Earthquake-Mumbai','A9','Mines-Mumbai',27000),
	('P27','Fire-Mumbai','A9','Mines-Mumbai',27000),
	('P28','Typhoon-Mumbai','A9','Mines-Mumbai',27000),
	('P29','Thunderstorms, Tornados & Hail-Mumbai','A9','Mines-Mumbai',27000),
	('P30','Tsunami-Mumbai','A9','Mines-Mumbai',27000),
	('P31','Flood-Mumbai','A10','Power Plants-Mumbai',32000),
	('P32','Earthquake-Mumbai','A10','Power Plants-Mumbai',32000),
	('P33','Fire-Mumbai','A10','Power Plants-Mumbai',32000),
	('P34','Terror Attack-Mumbai','A10','Power Plants-Mumbai',32000),
	('P35','Thunderstorms, Tornados & Hail-Mumbai','A10','Power Plants-Mumbai',32000),
	('P36','Tsunami-Mumbai','A10','Power Plants-Mumbai',32000),
	('P37','Flood-Mumbai','A11','Oil Refineries-Mumbai',90000),
	('P38','Earthquake-Mumbai','A11','Oil Refineries-Mumbai',90000),
	('P39','Fire-Mumbai','A11','Oil Refineries-Mumbai',90000),
	('P40','Typhoon-Mumbai','A11','Oil Refineries-Mumbai',90000),
	('P41','Thunderstorms, Tornados & Hail-Mumbai','A11','Oil Refineries-Mumbai',90000),
	('P42','Tsunami-Mumbai','A11','Oil Refineries-Mumbai',90000),
	('P43','Flood-Mumbai','A12','Telecom Towers-Mumbai',37500),
	('P44','Earthquake-Mumbai','A12','Telecom Towers-Mumbai',37500),
	('P45','Fire-Mumbai','A12','Telecom Towers-Mumbai',37500),
	('P46','Typhoon-Mumbai','A12','Telecom Towers-Mumbai',37500),
	('P47','Thunderstorms, Tornados & Hail-Mumbai','A12','Telecom Towers-Mumbai',37500),
	('P48','Tsunami-Mumbai','A12','Telecom Towers-Mumbai',37500),
	('P49','Flood-Mumbai','A13','Aircrafts-Mumbai',16000),
	('P50','Earthquake-Mumbai','A13','Aircrafts-Mumbai',16000),
	('P51','Fire-Mumbai','A13','Aircrafts-Mumbai',16000),
	('P52','Typhoon-Mumbai','A13','Aircrafts-Mumbai',16000),
	('P53','Thunderstorms, Tornados & Hail-Mumbai','A13','Aircrafts-Mumbai',16000),
	('P54','Tsunami-Mumbai','A13','Aircrafts-Mumbai',16000),
	('P55','Flood-Mumbai','A14','Ships & Cargo-Mumbai',24000),
	('P56','Earthquake-Mumbai','A14','Ships & Cargo-Mumbai',24000),
	('P57','Fire-Mumbai','A14','Ships & Cargo-Mumbai',24000),
	('P58','Typhoon-Mumbai','A14','Ships & Cargo-Mumbai',24000),
	('P59','Thunderstorms, Tornados & Hail-Mumbai','A14','Ships & Cargo-Mumbai',24000),
	('P60','Tsunami-Mumbai','A14','Ships & Cargo-Mumbai',24000),
	('P61','Flood-Mumbai','A15','Fleets & Cars-Mumbai',15000),
	('P62','Earthquake-Mumbai','A15','Fleets & Cars-Mumbai',15000),
	('P63','Fire-Mumbai','A15','Fleets & Cars-Mumbai',15000),
	('P64','Typhoon-Mumbai','A15','Fleets & Cars-Mumbai',15000),
	('P65','Thunderstorms, Tornados & Hail-Mumbai','A15','Fleets & Cars-Mumbai',15000),
	('P66','Tsunami-Mumbai','A15','Fleets & Cars-Mumbai',15000),
	('P67','Hurricane-Typhoon -Germany','A16','Heavy Machinery-Germany',27000),
	('P68','Earthquake-Germany','A16','Heavy Machinery-Germany',27000),
	('P69','Fire-Germany','A16','Heavy Machinery-Germany',27000),
	('P70','Thunderstorms, Tornados & Hail-Germany','A16','Heavy Machinery-Germany',27000),
	('P71','Hurricane-Typhoon -Germany','A19','Property (Office Locations)-Germany',45000),
	('P72','Earthquake-Germany','A19','Property (Office Locations)-Germany',45000),
	('P73','Fire-Germany','A19','Property (Office Locations)-Germany',45000),
	('P74','Thunderstorms, Tornados & Hail-Germany','A19','Property (Office Locations)-Germany',45000),
	('P75','Hurricane-Typhoon -Germany','A22','Hotels & Resorts-Germany',90000),
	('P76','Earthquake-Germany','A22','Hotels & Resorts-Germany',90000),
	('P77','Fire-Germany','A22','Hotels & Resorts-Germany',90000),
	('P78','Thunderstorms, Tornados & Hail-Germany','A22','Hotels & Resorts-Germany',90000),
	('P79','Hurricane-Typhoon -Germany','A23','Supermarkets & Malls-Germany',24000),
	('P80','Earthquake-Germany','A23','Supermarkets & Malls-Germany',24000),
	('P81','Fire-Germany','A23','Supermarkets & Malls-Germany',24000),
	('P82','Thunderstorms, Tornados & Hail-Germany','A23','Supermarkets & Malls-Germany',24000),
	('P83','Hurricane-Typhoon -Germany','A25','Power Plants-Germany',24000),
	('P84','Earthquake-Germany','A25','Power Plants-Germany',24000),
	('P85','Fire-Germany','A25','Power Plants-Germany',24000),
	('P86','Thunderstorms, Tornados & Hail-Germany','A25','Power Plants-Germany',24000),
	('P87','Hurricane-Typhoon -Germany','A28','Aircrafts-Germany',32000),
	('P88','Earthquake-Germany','A28','Aircrafts-Germany',32000),
	('P89','Fire-Germany','A28','Aircrafts-Germany',32000),
	('P90','Thunderstorms, Tornados & Hail-Germany','A28','Aircrafts-Germany',32000),
	('P91','Hurricane-Typhoon -Germany','A30','Fleets & Cars-Germany',15000),
	('P92','Earthquake-Germany','A30','Fleets & Cars-Germany',15000),
	('P93','Fire-Germany','A30','Fleets & Cars-Germany',15000),
	('P94','Thunderstorms, Tornados & Hail-Germany','A30','Fleets & Cars-Germany',15000),
	('P95','Hurricane-Typhoon -Manila','A34','Property (Office Locations)-Manila',36000),
	('P96','Earthquake-Manila','A34','Property (Office Locations)-Manila',36000),
	('P97','Fire-Manila','A34','Property (Office Locations)-Manila',36000),
	('P98','Earthquake-Manila','A33','Pipelines-Manila',36000),
	('P99','Fire-Manila','A33','Pipelines-Manila',36000),
	('P100','Hurricane-Typhoon -Manila','A36','Warehouse & Cold Storage-Manila',24000),
	('P101','Earthquake-Manila','A38','Supermarkets & Malls-Manila',40000),
	('P102','Fire-Manila','A40','Power Plants-Manila',24000),
	('P103','Hurricane-Typhoon -Manila','A43','Aircrafts-Manila',40000),
	('P104','Earthquake-Manila','A43','Aircrafts-Manila',40000),
	('P105','Fire-Manila','A43','Aircrafts-Manila',40000),
	('P106','Hurricane-Typhoon -Manila','A45','Fleets & Cars-Manila',22500),
	('P107','Thunderstorms, Tornados & Hail-San Francisco','A47','Heat Exchanger-San Francisco',48000),
	('P108','Hurricane-Typhoon -San Francisco','A47','Heat Exchanger-San Francisco',48000),
	('P109','Earthquake-San Francisco','A47','Heat Exchanger-San Francisco',48000),
	('P110','Thunderstorms, Tornados & Hail-San Francisco','A49','Property (Office Locations)-San Francisco',72000),
	('P111','Hurricane-Typhoon -San Francisco','A49','Property (Office Locations)-San Francisco',72000),
	('P112','Earthquake-San Francisco','A49','Property (Office Locations)-San Francisco',72000),
	('P113','Thunderstorms, Tornados & Hail-San Francisco','A53','Supermarkets & Malls-San Francisco',40000),
	('P114','Hurricane-Typhoon -San Francisco','A53','Supermarkets & Malls-San Francisco',40000),
	('P115','Earthquake-San Francisco','A53','Supermarkets & Malls-San Francisco',40000),
	('P116','Thunderstorms, Tornados & Hail-San Francisco','A54','Mines-San Francisco',27000),
	('P117','Hurricane-Typhoon -San Francisco','A55','Power Plants-San Francisco',40000),
	('P118','Earthquake-San Francisco','A60','Fleets & Cars-San Francisco',30000),
	('P119','Hurricane-Typhoon -San Francisco','A58','Aircrafts-San Francisco',16000),
	('P120','Thunderstorms, Tornados & Hail-Calgary','A64','Property (Office Locations)-Calgary',90000),
	('P121','Hurricane-Typhoon -Calgary','A64','Property (Office Locations)-Calgary',90000),
	('P122','Earthquake-Calgary','A64','Property (Office Locations)-Calgary',90000),
	('P123','Thunderstorms, Tornados & Hail-Calgary','A67','Hotels & Resorts-Calgary',99000),
	('P124','Hurricane-Typhoon -Calgary','A68','Supermarkets & Malls-Calgary',24000),
	('P125','Earthquake-Calgary','A69','Mines-Calgary',27000),
	('P126','Thunderstorms, Tornados & Hail-Calgary','A71','Oil Refineries-Calgary',90000),
	('P127','Hurricane-Typhoon -Calgary','A72','Telecom Towers-Calgary',37500),
	('P128','Earthquake-Calgary','A73','Aircrafts-Calgary',16000),
	('P129','Thunderstorms, Tornados & Hail-Calgary','A75','Fleets & Cars-Calgary',15000),
	('P130','Hurricane-Typhoon -Calgary','A67','Hotels & Resorts-Calgary',99000),
	('P131','Earthquake-Calgary','A68','Supermarkets & Malls-Calgary',24000),
	('P132','Hurricane-Typhoon -Calgary','A73','Aircrafts-Calgary',16000),
	('P133','Thunderstorms, Tornados & Tropical storms-Gulf of Mexico','A78','Pipelines-Gulf of Mexico',36000),
	('P134','Hurricane-Typhoon -Gulf of Mexico','A79','Property (Office Locations)-Gulf of Mexico',45000),
	('P135','Thunderstorms, Tornados & Tropical storms-Gulf of Mexico','A81','Warehouse & Cold Storage-Gulf of Mexico',16000),
	('P136','Thunderstorms, Tornados & Tropical storms-Gulf of Mexico','A83','Supermarkets & Malls-Gulf of Mexico',24000),
	('P137','Thunderstorms, Tornados & Tropical storms-Gulf of Mexico','A88','Aircrafts-Gulf of Mexico',40000),
	('P138','Earthquake-Gulf of Mexico','A90','Fleets & Cars-Gulf of Mexico',45000),
	('P139','Thunderstorms, Tornados & Hail-Tokyo','A93','Pipelines-Tokyo',36000),
	('P140','Hurricane-Typhoon -Tokyo','A93','Pipelines-Tokyo',36000),
	('P141','Earthquake-Tokyo','A93','Pipelines-Tokyo',36000),
	('P142','Thunderstorms, Tornados & Hail-Tokyo','A94','Property (Office Locations)-Tokyo',27000),
	('P143','Hurricane-Typhoon -Tokyo','A94','Property (Office Locations)-Tokyo',27000),
	('P144','Earthquake-Tokyo','A98','Supermarkets & Malls-Tokyo',24000),
	('P145','Thunderstorms, Tornados & Hail-Tokyo','A99','Mines-Tokyo',27000),
	('P146','Fire-Tokyo','A103','Aircrafts-Tokyo',16000),
	('P147','Earthquake-Tokyo','A103','Aircrafts-Tokyo',16000),
	('P148','Thunderstorms, Tornados & Hail-Tokyo','A105','Fleets & Cars-Tokyo',30000),
	('P149','Hurricane-Typhoon -Tokyo','A105','Fleets & Cars-Tokyo',30000),
	('P150','Earthquake-Tokyo','A105','Fleets & Cars-Tokyo',30000),
	('P151','Fire-Tokyo','A94','Property (Office Locations)-Tokyo',27000),
	('P152','Thunderstorms, Tornados & Hail-Tokyo','A98','Supermarkets & Malls-Tokyo',24000),
	('P153','Tropical Storm-Tokyo','A99','Mines-Tokyo',27000),
	('P154','Earthquake-Tokyo','A98','Supermarkets & Malls-Tokyo',24000),
	('P155','Fire-Tokyo','A99','Mines-Tokyo',27000),
	('P156','Fire-Tokyo','A98','Supermarkets & Malls-Tokyo',24000),
	('P157','Thunderstorms, Tornados & Tropical storms-Caribbean Islands','A109','Property (Office Locations)-Caribbean Islands',36000),
	('P158','Thunderstorms, Tornados & Tropical storms-Caribbean Islands','A109','Property (Office Locations)-Caribbean Islands',36000),
	('P159','Thunderstorms, Tornados & Tropical storms-Caribbean Islands','A113','Supermarkets & Malls-Caribbean Islands',48000),
	('P160','Earthquake-Caribbean Islands','A113','Supermarkets & Malls-Caribbean Islands',48000),
	('P161','Thunderstorms, Tornados & Hail-Caribbean Islands','A113','Supermarkets & Malls-Caribbean Islands',48000),
	('P162','Thunderstorms, Tornados & Tropical storms-Caribbean Islands','A109','Property (Office Locations)-Caribbean Islands',36000),
	('P163','Earthquake-Caribbean Islands','A118','Aircrafts-Caribbean Islands',48000),
	('P164','Hurricane-Typhoon -Caribbean Islands','A118','Aircrafts-Caribbean Islands',48000),
	('P165','Thunderstorms, Tornados & Hail-Caribbean Islands','A118','Aircrafts-Caribbean Islands',48000),
	('P166','Hurricane-Typhoon -Caribbean Islands','A120','Fleets & Cars-Caribbean Islands',15000),
	('P167','Earthquake-Caribbean Islands','A120','Fleets & Cars-Caribbean Islands',15000),
	('P168','Fire-Caribbean Islands','A120','Fleets & Cars-Caribbean Islands',15000),
	('P169','Tropical Storm-Caribbean Islands','A120','Fleets & Cars-Caribbean Islands',15000),
	('P170','Earthquake-Texas','A124','Property (Office Locations)-Texas',108000),
	('P171','Thunderstorms, Tornados & Hail-Texas','A124','Property (Office Locations)-Texas',108000),
	('P172','Hurricane-Typhoon -Texas','A124','Property (Office Locations)-Texas',108000),
	('P173','Earthquake-Texas','A127','Hotels & Resorts-Texas',90000),
	('P174','Hurricane-Typhoon -Texas','A128','Supermarkets & Malls-Texas',24000),
	('P175','Thunderstorms, Tornados & Hail-Texas','A131','Oil Refineries-Texas',90000),
	('P176','Hurricane-Typhoon -Texas','A131','Oil Refineries-Texas',90000),
	('P177','Earthquake-Texas','A131','Oil Refineries-Texas',90000),
	('P178','Hurricane-Typhoon -Texas','A132','Telecom Towers-Texas',37500),
	('P179','Thunderstorms, Tornados & Hail-Texas','A132','Telecom Towers-Texas',37500),
	('P180','Hurricane-Typhoon -Texas','A133','Aircrafts-Texas',16000),
	('P181','Earthquake-Texas','A135','Fleets & Cars-Texas',15000),
	('P182','Hurricane-Typhoon -Texas','A135','Fleets & Cars-Texas',15000);
    
    
    select * from Input_Sheet_Year1;
    

    
    CREATE TABLE Year1_Results (
    Risk_Event VARCHAR(250),
    Peril VARCHAR(250),
    Asset VARCHAR(4),
    Results_Team1 int,
    Results_Team2 int
);
INSERT INTO Year1_Results(Risk_Event,Peril,Asset) VALUES ('High tide and high rainfalls leading to large floods-Mumbai','Flood-Mumbai','A1'),
	('Earthquake-Mumbai','Earthquake-Mumbai','A1'),
	('Fire-Mumbai','Fire-Mumbai','A1'),
	('Typhoon-Mumbai','Typhoon-Mumbai','A1'),
	('Thunderstorms, Tornados & Hail-Mumbai','Thunderstorms, Tornados & Hail-Mumbai','A1'),
	('Tsunami-Mumbai','Tsunami-Mumbai','A1'),
	('High tide and high rainfalls leading to large floods-Mumbai','Flood-Mumbai','A2'),
	('Earthquake-Mumbai','Earthquake-Mumbai','A2'),
	('Fire-Mumbai','Fire-Mumbai','A2'),
	('Typhoon-Mumbai','Typhoon-Mumbai','A2'),
	('Thunderstorms, Tornados & Hail-Mumbai','Thunderstorms, Tornados & Hail-Mumbai','A4'),
	('Tsunami-Mumbai','Tsunami-Mumbai','A4'),
	('High tide and high rainfalls leading to large floods-Mumbai','Flood-Mumbai','A6'),
	('Earthquake-Mumbai','Earthquake-Mumbai','A6'),
	('Terror Attack-Mumbai','Terror Attack-Mumbai','A4'),
	('Typhoon-Mumbai','Typhoon-Mumbai','A6'),
	('Thunderstorms, Tornados & Hail-Mumbai','Thunderstorms, Tornados & Hail-Mumbai','A6'),
	('Tsunami-Mumbai','Tsunami-Mumbai','A6'),
	('High tide and high rainfalls leading to large floods-Mumbai','Flood-Mumbai','A7'),
	('Earthquake-Mumbai','Earthquake-Mumbai','A8'),
	('Fire-Mumbai','Fire-Mumbai','A7'),
	('Typhoon-Mumbai','Typhoon-Mumbai','A8'),
	('Thunderstorms, Tornados & Hail-Mumbai','Thunderstorms, Tornados & Hail-Mumbai','A8'),
	('Tsunami-Mumbai','Tsunami-Mumbai','A8'),
	('High tide and high rainfalls leading to large floods-Mumbai','Flood-Mumbai','A9'),
	('Earthquake-Mumbai','Earthquake-Mumbai','A9'),
	('Fire-Mumbai','Fire-Mumbai','A9'),
	('Typhoon-Mumbai','Typhoon-Mumbai','A9'),
	('Thunderstorms, Tornados & Hail-Mumbai','Thunderstorms, Tornados & Hail-Mumbai','A9'),
	('Tsunami-Mumbai','Tsunami-Mumbai','A9'),
	('High tide and high rainfalls leading to large floods-Mumbai','Flood-Mumbai','A10'),
	('Earthquake-Mumbai','Earthquake-Mumbai','A10'),
	('Fire-Mumbai','Fire-Mumbai','A10'),
	('Terror Attack-Mumbai','Terror Attack-Mumbai','A10'),
	('Thunderstorms, Tornados & Hail-Mumbai','Thunderstorms, Tornados & Hail-Mumbai','A10'),
	('Tsunami-Mumbai','Tsunami-Mumbai','A10'),
	('High tide and high rainfalls leading to large floods-Mumbai','Flood-Mumbai','A11'),
	('Earthquake-Mumbai','Earthquake-Mumbai','A11'),
	('Fire-Mumbai','Fire-Mumbai','A11'),
	('Typhoon-Mumbai','Typhoon-Mumbai','A11'),
	('Thunderstorms, Tornados & Hail-Mumbai','Thunderstorms, Tornados & Hail-Mumbai','A11'),
	('Tsunami-Mumbai','Tsunami-Mumbai','A11'),
	('High tide and high rainfalls leading to large floods-Mumbai','Flood-Mumbai','A12'),
	('Earthquake-Mumbai','Earthquake-Mumbai','A12'),
	('Fire-Mumbai','Fire-Mumbai','A12'),
	('Typhoon-Mumbai','Typhoon-Mumbai','A12'),
	('Thunderstorms, Tornados & Hail-Mumbai','Thunderstorms, Tornados & Hail-Mumbai','A12'),
	('Tsunami-Mumbai','Tsunami-Mumbai','A12'),
	('High tide and high rainfalls leading to large floods-Mumbai','Flood-Mumbai','A13'),
	('Earthquake-Mumbai','Earthquake-Mumbai','A13'),
	('Fire-Mumbai','Fire-Mumbai','A13'),
	('Typhoon-Mumbai','Typhoon-Mumbai','A13'),
	('Thunderstorms, Tornados & Hail-Mumbai','Thunderstorms, Tornados & Hail-Mumbai','A13'),
	('Tsunami-Mumbai','Tsunami-Mumbai','A13'),
	('High tide and high rainfalls leading to large floods-Mumbai','Flood-Mumbai','A14'),
	('Earthquake-Mumbai','Earthquake-Mumbai','A14'),
	('Fire-Mumbai','Fire-Mumbai','A14'),
	('Typhoon-Mumbai','Typhoon-Mumbai','A14'),
	('Thunderstorms, Tornados & Hail-Mumbai','Thunderstorms, Tornados & Hail-Mumbai','A14'),
	('Tsunami-Mumbai','Tsunami-Mumbai','A14'),
	('High tide and high rainfalls leading to large floods-Mumbai','Flood-Mumbai','A15'),
	('Earthquake-Mumbai','Earthquake-Mumbai','A15'),
	('Fire-Mumbai','Fire-Mumbai','A15'),
	('Typhoon-Mumbai','Typhoon-Mumbai','A15'),
	('Thunderstorms, Tornados & Hail-Mumbai','Thunderstorms, Tornados & Hail-Mumbai','A15'),
	('Tsunami-Mumbai','Tsunami-Mumbai','A15'),
	('Hurricane-Typhoon -Germany','Hurricane-Typhoon -Germany','A16'),
	('Earthquake-Germany','Earthquake-Germany','A16'),
	('Fire-Germany','Fire-Germany','A16'),
	('Thunderstorms, Tornados & Hail-Germany','Thunderstorms, Tornados & Hail-Germany','A16'),
	('Hurricane-Typhoon -Germany','Hurricane-Typhoon -Germany','A19'),
	('Earthquake-Germany','Earthquake-Germany','A19'),
	('Fire-Germany','Fire-Germany','A19'),
	('Thunderstorms, Tornados & Hail-Germany','Thunderstorms, Tornados & Hail-Germany','A19'),
	('Hurricane-Typhoon -Germany','Hurricane-Typhoon -Germany','A22'),
	('Earthquake-Germany','Earthquake-Germany','A22'),
	('Fire-Germany','Fire-Germany','A22'),
	('Thunderstorms, Tornados & Hail-Germany','Thunderstorms, Tornados & Hail-Germany','A22'),
	('Hurricane-Typhoon -Germany','Hurricane-Typhoon -Germany','A23'),
	('Earthquake-Germany','Earthquake-Germany','A23'),
	('Fire-Germany','Fire-Germany','A23'),
	('Thunderstorms, Tornados & Hail-Germany','Thunderstorms, Tornados & Hail-Germany','A23'),
	('Hurricane-Typhoon -Germany','Hurricane-Typhoon -Germany','A25'),
	('Earthquake-Germany','Earthquake-Germany','A25'),
	('Fire-Germany','Fire-Germany','A25'),
	('Thunderstorms, Tornados & Hail-Germany','Thunderstorms, Tornados & Hail-Germany','A25'),
	('Hurricane-Typhoon -Germany','Hurricane-Typhoon -Germany','A28'),
	('Earthquake-Germany','Earthquake-Germany','A28'),
	('Fire-Germany','Fire-Germany','A28'),
	('Thunderstorms, Tornados & Hail-Germany','Thunderstorms, Tornados & Hail-Germany','A28'),
	('Hurricane-Typhoon -Germany','Hurricane-Typhoon -Germany','A30'),
	('Earthquake-Germany','Earthquake-Germany','A30'),
	('Fire-Germany','Fire-Germany','A30'),
	('Thunderstorms, Tornados & Hail-Germany','Thunderstorms, Tornados & Hail-Germany','A30'),
	('Extremely Dangerous Super Typhoon Haiyan (Yolanda) to Strike the Philippines -Manila','Hurricane-Typhoon -Manila','A34'),
	('Earthquake-Manila','Earthquake-Manila','A34'),
	('Fire-Manila','Fire-Manila','A34'),
	('Earthquake-Manila','Earthquake-Manila','A33'),
	('Fire-Manila','Fire-Manila','A33'),
	('Typhoon Nari (Santi) -Manila','Hurricane-Typhoon -Manila','A36'),
	('Earthquake-Manila','Earthquake-Manila','A38'),
	('Fire-Manila','Fire-Manila','A40'),
	('Typhoon Utor (Labuyo)-Manila','Hurricane-Typhoon -Manila','A43'),
	('Earthquake-Manila','Earthquake-Manila','A43'),
	('Fire-Manila','Fire-Manila','A43'),
	('Super Typhoon Usagi-Manila','Hurricane-Typhoon -Manila','A45'),
	('Thunderstorms, Tornados & Hail-San Francisco','Thunderstorms, Tornados & Hail-San Francisco','A47'),
	('Hurricane-Typhoon -San Francisco','Hurricane-Typhoon -San Francisco','A47'),
	('Earthquake-San Francisco','Earthquake-San Francisco','A47'),
	('Thunderstorms, Tornados & Hail-San Francisco','Thunderstorms, Tornados & Hail-San Francisco','A49'),
	('Hurricane-Typhoon -San Francisco','Hurricane-Typhoon -San Francisco','A49'),
	('Earthquake-San Francisco','Earthquake-San Francisco','A49'),
	('Thunderstorms, Tornados & Hail-San Francisco','Thunderstorms, Tornados & Hail-San Francisco','A53'),
	('Hurricane-Typhoon -San Francisco','Hurricane-Typhoon -San Francisco','A53'),
	('Earthquake-San Francisco','Earthquake-San Francisco','A53'),
	('Thunderstorms, Tornados & Hail-San Francisco','Thunderstorms, Tornados & Hail-San Francisco','A54'),
	('Hurricane-Typhoon -San Francisco','Hurricane-Typhoon -San Francisco','A55'),
	('Earthquake-San Francisco','Earthquake-San Francisco','A60'),
	('Hurricane-Typhoon -San Francisco','Hurricane-Typhoon -San Francisco','A58'),
	('Thunderstorms, Tornados & Hail-Calgary','Thunderstorms, Tornados & Hail-Calgary','A64'),
	('Hurricane-Typhoon -Calgary','Hurricane-Typhoon -Calgary','A64'),
	('Earthquake-Calgary','Earthquake-Calgary','A64'),
	('Thunderstorms, Tornados & Hail-Calgary','Thunderstorms, Tornados & Hail-Calgary','A67'),
	('Hurricane-Typhoon -Calgary','Hurricane-Typhoon -Calgary','A68'),
	('Earthquake-Calgary','Earthquake-Calgary','A69'),
	('Thunderstorms, Tornados & Hail-Calgary','Thunderstorms, Tornados & Hail-Calgary','A71'),
	('Hurricane-Typhoon -Calgary','Hurricane-Typhoon -Calgary','A72'),
	('Earthquake-Calgary','Earthquake-Calgary','A73'),
	('Thunderstorms, Tornados & Hail-Calgary','Thunderstorms, Tornados & Hail-Calgary','A75'),
	('Hurricane-Typhoon -Calgary','Hurricane-Typhoon -Calgary','A67'),
	('Earthquake-Calgary','Earthquake-Calgary','A68'),
	('Hurricane-Typhoon -Calgary','Hurricane-Typhoon -Calgary','A73'),
	('Tropical Storm Manuel-Gulf of Mexico','Thunderstorms, Tornados & Tropical storms-Gulf of Mexico','A78'),
	('Hurricane Ingrid-Gulf of Mexico','Hurricane-Typhoon -Gulf of Mexico','A79'),
	('Tropical Storm Lorena-Gulf of Mexico','Thunderstorms, Tornados & Tropical storms-Gulf of Mexico','A81'),
	('Tropical Storm Kong-Rey-Gulf of Mexico','Thunderstorms, Tornados & Tropical storms-Gulf of Mexico','A83'),
	('Tropical Storm Fernand-Gulf of Mexico','Thunderstorms, Tornados & Tropical storms-Gulf of Mexico','A88'),
	('Earthquake-Gulf of Mexico','Earthquake-Gulf of Mexico','A90'),
	('Thunderstorms, Tornados & Hail-Tokyo','Thunderstorms, Tornados & Hail-Tokyo','A93'),
	('Hurricane-Typhoon -Tokyo','Hurricane-Typhoon -Tokyo','A93'),
	('Earthquake-Tokyo','Earthquake-Tokyo','A93'),
	('Thunderstorms, Tornados & Hail-Tokyo','Thunderstorms, Tornados & Hail-Tokyo','A94'),
	('Hurricane-Typhoon -Tokyo','Hurricane-Typhoon -Tokyo','A94'),
	('Earthquake-Tokyo','Earthquake-Tokyo','A98'),
	('Thunderstorms, Tornados & Hail-Tokyo','Thunderstorms, Tornados & Hail-Tokyo','A99'),
	('Fire-Tokyo','Fire-Tokyo','A103'),
	('Earthquake-Tokyo','Earthquake-Tokyo','A103'),
	('Thunderstorms, Tornados & Hail-Tokyo','Thunderstorms, Tornados & Hail-Tokyo','A105'),
	('Hurricane-Typhoon -Tokyo','Hurricane-Typhoon -Tokyo','A105'),
	('Earthquake-Tokyo','Earthquake-Tokyo','A105'),
	('Fire-Tokyo','Fire-Tokyo','A94'),
	('Thunderstorms, Tornados & Hail-Tokyo','Thunderstorms, Tornados & Hail-Tokyo','A98'),
	('Tropical Storm Danas-Tokyo','Tropical Storm-Tokyo','A99'),
	('Earthquake-Tokyo','Earthquake-Tokyo','A98'),
	('Fire-Tokyo','Fire-Tokyo','A99'),
	('Fire-Tokyo','Fire-Tokyo','A98'),
	('Tropical Storm Chantal-Caribbean Islands','Thunderstorms, Tornados & Tropical storms-Caribbean Islands','A109'),
	('Tropical Storm Gabrielle-Caribbean Islands','Thunderstorms, Tornados & Tropical storms-Caribbean Islands','A109'),
	('Typhoon Wutip (Paolo)-Caribbean Islands','Thunderstorms, Tornados & Tropical storms-Caribbean Islands','A113'),
	('Earthquake-Caribbean Islands','Earthquake-Caribbean Islands','A113'),
	('Thunderstorms, Tornados & Hail-Caribbean Islands','Thunderstorms, Tornados & Hail-Caribbean Islands','A113'),
	('Tropical Storm Humberto-Caribbean Islands','Thunderstorms, Tornados & Tropical storms-Caribbean Islands','A109'),
	('Earthquake-Caribbean Islands','Earthquake-Caribbean Islands','A118'),
	('Hurricane-Typhoon -Caribbean Islands','Hurricane-Typhoon -Caribbean Islands','A118'),
	('Thunderstorms, Tornados & Hail-Caribbean Islands','Thunderstorms, Tornados & Hail-Caribbean Islands','A118'),
	('Hurricane-Typhoon -Caribbean Islands','Hurricane-Typhoon -Caribbean Islands','A120'),
	('Earthquake-Caribbean Islands','Earthquake-Caribbean Islands','A120'),
	('Fire-Caribbean Islands','Fire-Caribbean Islands','A120'),
	('Tropical Storm Chantal-Caribbean Islands','Tropical Storm-Caribbean Islands','A120'),
	('Earthquake-Texas','Earthquake-Texas','A124'),
	('Thunderstorms, Tornados & Hail-Texas','Thunderstorms, Tornados & Hail-Texas','A124'),
	('Hurricane-Typhoon -Texas','Hurricane-Typhoon -Texas','A124'),
	('Earthquake-Texas','Earthquake-Texas','A127'),
	('Hurricane-Typhoon -Texas','Hurricane-Typhoon -Texas','A128'),
	('Thunderstorms, Tornados & Hail-Texas','Thunderstorms, Tornados & Hail-Texas','A131'),
	('Hurricane-Typhoon -Texas','Hurricane-Typhoon -Texas','A131'),
	('Earthquake-Texas','Earthquake-Texas','A131'),
	('Hurricane-Typhoon -Texas','Hurricane-Typhoon -Texas','A132'),
	('Thunderstorms, Tornados & Hail-Texas','Thunderstorms, Tornados & Hail-Texas','A132'),
	('Hurricane-Typhoon -Texas','Hurricane-Typhoon -Texas','A133'),
	('Earthquake-Texas','Earthquake-Texas','A135'),
	('Hurricane-Typhoon -Texas','Hurricane-Typhoon -Texas','A135');
    
    
    select * from year1_results;
    

   
    
    CREATE TABLE Input_Sheet_Year2 (
    Policy_Code VARCHAR(4),
    Policy_Desciption_Perils_covered VARCHAR(59),
    Asset VARCHAR(4),
    Asset_Name VARCHAR(45),
    Premium INT,
    Policy_Selection_Team_1 INT,
    Policy_Selection_Team_2 INT,
    primary key(Policy_Code)
);
INSERT INTO Input_Sheet_Year2(Policy_Code,Policy_Desciption_Perils_covered,Asset, Asset_Name, Premium) VALUES ('P1','Flood-Mumbai','A1','Heavy Machinery-Mumbai',18000),
	('P2','Earthquake-Mumbai','A1','Heavy Machinery-Mumbai',18000),
	('P3','Fire-Mumbai','A1','Heavy Machinery-Mumbai',18000),
	('P4','Typhoon-Mumbai','A1','Heavy Machinery-Mumbai',18000),
	('P5','Thunderstorms, Tornados & Hail-Mumbai','A1','Heavy Machinery-Mumbai',18000),
	('P6','Tsunami-Mumbai','A1','Heavy Machinery-Mumbai',18000),
	('P7','Flood-Mumbai','A2','Heat Exchanger-Mumbai',16000),
	('P8','Earthquake-Mumbai','A2','Heat Exchanger-Mumbai',16000),
	('P9','Fire-Mumbai','A2','Heat Exchanger-Mumbai',16000),
	('P10','Typhoon-Mumbai','A2','Heat Exchanger-Mumbai',16000),
	('P11','Thunderstorms, Tornados & Hail-Mumbai','A4','Property (Office Locations)-Mumbai',63000),
	('P12','Tsunami-Mumbai','A4','Property (Office Locations)-Mumbai',63000),
	('P13','Flood-Mumbai','A6','Warehouse & Cold Storage-Mumbai',32000),
	('P14','Earthquake-Mumbai','A6','Warehouse & Cold Storage-Mumbai',32000),
	('P15','Terror Attack-Mumbai','A4','Property (Office Locations)-Mumbai',63000),
	('P16','Typhoon-Mumbai','A6','Warehouse & Cold Storage-Mumbai',32000),
	('P17','Thunderstorms, Tornados & Hail-Mumbai','A6','Warehouse & Cold Storage-Mumbai',32000),
	('P18','Tsunami-Mumbai','A6','Warehouse & Cold Storage-Mumbai',32000),
	('P19','Flood-Mumbai','A7','Hotels & Resorts-Mumbai',72000),
	('P20','Earthquake-Mumbai','A8','Supermarkets & Malls-Mumbai',24000),
	('P21','Fire-Mumbai','A7','Hotels & Resorts-Mumbai',72000),
	('P22','Typhoon-Mumbai','A8','Supermarkets & Malls-Mumbai',24000),
	('P23','Thunderstorms, Tornados & Hail-Mumbai','A8','Supermarkets & Malls-Mumbai',24000),
	('P24','Tsunami-Mumbai','A8','Supermarkets & Malls-Mumbai',24000),
	('P25','Flood-Mumbai','A9','Mines-Mumbai',27000),
	('P26','Earthquake-Mumbai','A9','Mines-Mumbai',27000),
	('P27','Fire-Mumbai','A9','Mines-Mumbai',27000),
	('P28','Typhoon-Mumbai','A9','Mines-Mumbai',27000),
	('P29','Thunderstorms, Tornados & Hail-Mumbai','A9','Mines-Mumbai',27000),
	('P30','Tsunami-Mumbai','A9','Mines-Mumbai',27000),
	('P31','Flood-Mumbai','A10','Power Plants-Mumbai',32000),
	('P32','Earthquake-Mumbai','A10','Power Plants-Mumbai',32000),
	('P33','Fire-Mumbai','A10','Power Plants-Mumbai',32000),
	('P34','Terror Attack-Mumbai','A10','Power Plants-Mumbai',32000),
	('P35','Thunderstorms, Tornados & Hail-Mumbai','A10','Power Plants-Mumbai',32000),
	('P36','Tsunami-Mumbai','A10','Power Plants-Mumbai',32000),
	('P37','Flood-Mumbai','A11','Oil Refineries-Mumbai',90000),
	('P38','Earthquake-Mumbai','A11','Oil Refineries-Mumbai',90000),
	('P39','Fire-Mumbai','A11','Oil Refineries-Mumbai',90000),
	('P40','Typhoon-Mumbai','A11','Oil Refineries-Mumbai',90000),
	('P41','Thunderstorms, Tornados & Hail-Mumbai','A11','Oil Refineries-Mumbai',90000),
	('P42','Tsunami-Mumbai','A11','Oil Refineries-Mumbai',90000),
	('P43','Flood-Mumbai','A12','Telecom Towers-Mumbai',37500),
	('P44','Earthquake-Mumbai','A12','Telecom Towers-Mumbai',37500),
	('P45','Fire-Mumbai','A12','Telecom Towers-Mumbai',37500),
	('P46','Typhoon-Mumbai','A12','Telecom Towers-Mumbai',37500),
	('P47','Thunderstorms, Tornados & Hail-Mumbai','A12','Telecom Towers-Mumbai',37500),
	('P48','Tsunami-Mumbai','A12','Telecom Towers-Mumbai',37500),
	('P49','Flood-Mumbai','A13','Aircrafts-Mumbai',16000),
	('P50','Earthquake-Mumbai','A13','Aircrafts-Mumbai',16000),
	('P51','Fire-Mumbai','A13','Aircrafts-Mumbai',16000),
	('P52','Typhoon-Mumbai','A13','Aircrafts-Mumbai',16000),
	('P53','Thunderstorms, Tornados & Hail-Mumbai','A13','Aircrafts-Mumbai',16000),
	('P54','Tsunami-Mumbai','A13','Aircrafts-Mumbai',16000),
	('P55','Flood-Mumbai','A14','Ships & Cargo-Mumbai',24000),
	('P56','Earthquake-Mumbai','A14','Ships & Cargo-Mumbai',24000),
	('P57','Fire-Mumbai','A14','Ships & Cargo-Mumbai',24000),
	('P58','Typhoon-Mumbai','A14','Ships & Cargo-Mumbai',24000),
	('P59','Thunderstorms, Tornados & Hail-Mumbai','A14','Ships & Cargo-Mumbai',24000),
	('P60','Tsunami-Mumbai','A14','Ships & Cargo-Mumbai',24000),
	('P61','Flood-Mumbai','A15','Fleets & Cars-Mumbai',15000),
	('P62','Earthquake-Mumbai','A15','Fleets & Cars-Mumbai',15000),
	('P63','Fire-Mumbai','A15','Fleets & Cars-Mumbai',15000),
	('P64','Typhoon-Mumbai','A15','Fleets & Cars-Mumbai',15000),
	('P65','Thunderstorms, Tornados & Hail-Mumbai','A15','Fleets & Cars-Mumbai',15000),
	('P66','Tsunami-Mumbai','A15','Fleets & Cars-Mumbai',15000),
	('P67','Hurricane-Typhoon -Germany','A16','Heavy Machinery-Germany',27000),
	('P68','Earthquake-Germany','A16','Heavy Machinery-Germany',27000),
	('P69','Fire-Germany','A16','Heavy Machinery-Germany',27000),
	('P70','Thunderstorms, Tornados & Hail-Germany','A16','Heavy Machinery-Germany',27000),
	('P71','Hurricane-Typhoon -Germany','A19','Property (Office Locations)-Germany',45000),
	('P72','Earthquake-Germany','A19','Property (Office Locations)-Germany',45000),
	('P73','Fire-Germany','A19','Property (Office Locations)-Germany',45000),
	('P74','Thunderstorms, Tornados & Hail-Germany','A19','Property (Office Locations)-Germany',45000),
	('P75','Hurricane-Typhoon -Germany','A22','Hotels & Resorts-Germany',90000),
	('P76','Earthquake-Germany','A22','Hotels & Resorts-Germany',90000),
	('P77','Fire-Germany','A22','Hotels & Resorts-Germany',90000),
	('P78','Thunderstorms, Tornados & Hail-Germany','A22','Hotels & Resorts-Germany',90000),
	('P79','Hurricane-Typhoon -Germany','A23','Supermarkets & Malls-Germany',24000),
	('P80','Earthquake-Germany','A23','Supermarkets & Malls-Germany',24000),
	('P81','Fire-Germany','A23','Supermarkets & Malls-Germany',24000),
	('P82','Thunderstorms, Tornados & Hail-Germany','A23','Supermarkets & Malls-Germany',24000),
	('P83','Hurricane-Typhoon -Germany','A25','Power Plants-Germany',24000),
	('P84','Earthquake-Germany','A25','Power Plants-Germany',24000),
	('P85','Fire-Germany','A25','Power Plants-Germany',24000),
	('P86','Thunderstorms, Tornados & Hail-Germany','A25','Power Plants-Germany',24000),
	('P87','Hurricane-Typhoon -Germany','A28','Aircrafts-Germany',32000),
	('P88','Earthquake-Germany','A28','Aircrafts-Germany',32000),
	('P89','Fire-Germany','A28','Aircrafts-Germany',32000),
	('P90','Thunderstorms, Tornados & Hail-Germany','A28','Aircrafts-Germany',32000),
	('P91','Hurricane-Typhoon -Germany','A30','Fleets & Cars-Germany',15000),
	('P92','Earthquake-Germany','A30','Fleets & Cars-Germany',15000),
	('P93','Fire-Germany','A30','Fleets & Cars-Germany',15000),
	('P94','Thunderstorms, Tornados & Hail-Germany','A30','Fleets & Cars-Germany',15000),
	('P95','Hurricane-Typhoon -Manila','A34','Property (Office Locations)-Manila',36000),
	('P96','Earthquake-Manila','A34','Property (Office Locations)-Manila',36000),
	('P97','Fire-Manila','A34','Property (Office Locations)-Manila',36000),
	('P98','Earthquake-Manila','A33','Pipelines-Manila',36000),
	('P99','Fire-Manila','A33','Pipelines-Manila',36000),
	('P100','Hurricane-Typhoon -Manila','A36','Warehouse & Cold Storage-Manila',24000),
	('P101','Earthquake-Manila','A38','Supermarkets & Malls-Manila',40000),
	('P102','Fire-Manila','A40','Power Plants-Manila',24000),
	('P103','Hurricane-Typhoon -Manila','A43','Aircrafts-Manila',40000),
	('P104','Earthquake-Manila','A43','Aircrafts-Manila',40000),
	('P105','Fire-Manila','A43','Aircrafts-Manila',40000),
	('P106','Hurricane-Typhoon -Manila','A45','Fleets & Cars-Manila',22500),
	('P107','Thunderstorms, Tornados & Hail-San Francisco','A47','Heat Exchanger-San Francisco',48000),
	('P108','Hurricane-Typhoon -San Francisco','A47','Heat Exchanger-San Francisco',48000),
	('P109','Earthquake-San Francisco','A47','Heat Exchanger-San Francisco',48000),
	('P110','Thunderstorms, Tornados & Hail-San Francisco','A49','Property (Office Locations)-San Francisco',72000),
	('P111','Hurricane-Typhoon -San Francisco','A49','Property (Office Locations)-San Francisco',72000),
	('P112','Earthquake-San Francisco','A49','Property (Office Locations)-San Francisco',72000),
	('P113','Thunderstorms, Tornados & Hail-San Francisco','A53','Supermarkets & Malls-San Francisco',40000),
	('P114','Hurricane-Typhoon -San Francisco','A53','Supermarkets & Malls-San Francisco',40000),
	('P115','Earthquake-San Francisco','A53','Supermarkets & Malls-San Francisco',40000),
	('P116','Thunderstorms, Tornados & Hail-San Francisco','A54','Mines-San Francisco',27000),
	('P117','Hurricane-Typhoon -San Francisco','A55','Power Plants-San Francisco',40000),
	('P118','Earthquake-San Francisco','A60','Fleets & Cars-San Francisco',30000),
	('P119','Hurricane-Typhoon -San Francisco','A58','Aircrafts-San Francisco',16000),
	('P120','Thunderstorms, Tornados & Hail-Calgary','A64','Property (Office Locations)-Calgary',90000),
	('P121','Hurricane-Typhoon -Calgary','A64','Property (Office Locations)-Calgary',90000),
	('P122','Earthquake-Calgary','A64','Property (Office Locations)-Calgary',90000),
	('P123','Thunderstorms, Tornados & Hail-Calgary','A67','Hotels & Resorts-Calgary',99000),
	('P124','Hurricane-Typhoon -Calgary','A68','Supermarkets & Malls-Calgary',24000),
	('P125','Earthquake-Calgary','A69','Mines-Calgary',27000),
	('P126','Thunderstorms, Tornados & Hail-Calgary','A71','Oil Refineries-Calgary',90000),
	('P127','Hurricane-Typhoon -Calgary','A72','Telecom Towers-Calgary',37500),
	('P128','Earthquake-Calgary','A73','Aircrafts-Calgary',16000),
	('P129','Thunderstorms, Tornados & Hail-Calgary','A75','Fleets & Cars-Calgary',15000),
	('P130','Hurricane-Typhoon -Calgary','A67','Hotels & Resorts-Calgary',99000),
	('P131','Earthquake-Calgary','A68','Supermarkets & Malls-Calgary',24000),
	('P132','Hurricane-Typhoon -Calgary','A73','Aircrafts-Calgary',16000),
	('P133','Thunderstorms, Tornados & Tropical storms-Gulf of Mexico','A78','Pipelines-Gulf of Mexico',36000),
	('P134','Hurricane-Typhoon -Gulf of Mexico','A79','Property (Office Locations)-Gulf of Mexico',45000),
	('P135','Thunderstorms, Tornados & Tropical storms-Gulf of Mexico','A81','Warehouse & Cold Storage-Gulf of Mexico',16000),
	('P136','Thunderstorms, Tornados & Tropical storms-Gulf of Mexico','A83','Supermarkets & Malls-Gulf of Mexico',24000),
	('P137','Thunderstorms, Tornados & Tropical storms-Gulf of Mexico','A88','Aircrafts-Gulf of Mexico',40000),
	('P138','Earthquake-Gulf of Mexico','A90','Fleets & Cars-Gulf of Mexico',45000),
	('P139','Thunderstorms, Tornados & Hail-Tokyo','A93','Pipelines-Tokyo',36000),
	('P140','Hurricane-Typhoon -Tokyo','A93','Pipelines-Tokyo',36000),
	('P141','Earthquake-Tokyo','A93','Pipelines-Tokyo',36000),
	('P142','Thunderstorms, Tornados & Hail-Tokyo','A94','Property (Office Locations)-Tokyo',27000),
	('P143','Hurricane-Typhoon -Tokyo','A94','Property (Office Locations)-Tokyo',27000),
	('P144','Earthquake-Tokyo','A98','Supermarkets & Malls-Tokyo',24000),
	('P145','Thunderstorms, Tornados & Hail-Tokyo','A99','Mines-Tokyo',27000),
	('P146','Fire-Tokyo','A103','Aircrafts-Tokyo',16000),
	('P147','Earthquake-Tokyo','A103','Aircrafts-Tokyo',16000),
	('P148','Thunderstorms, Tornados & Hail-Tokyo','A105','Fleets & Cars-Tokyo',30000),
	('P149','Hurricane-Typhoon -Tokyo','A105','Fleets & Cars-Tokyo',30000),
	('P150','Earthquake-Tokyo','A105','Fleets & Cars-Tokyo',30000),
	('P151','Fire-Tokyo','A94','Property (Office Locations)-Tokyo',27000),
	('P152','Thunderstorms, Tornados & Hail-Tokyo','A98','Supermarkets & Malls-Tokyo',24000),
	('P153','Tropical Storm-Tokyo','A99','Mines-Tokyo',27000),
	('P154','Earthquake-Tokyo','A98','Supermarkets & Malls-Tokyo',24000),
	('P155','Fire-Tokyo','A99','Mines-Tokyo',27000),
	('P156','Fire-Tokyo','A98','Supermarkets & Malls-Tokyo',24000),
	('P157','Thunderstorms, Tornados & Tropical storms-Caribbean Islands','A109','Property (Office Locations)-Caribbean Islands',36000),
	('P158','Thunderstorms, Tornados & Tropical storms-Caribbean Islands','A109','Property (Office Locations)-Caribbean Islands',36000),
	('P159','Thunderstorms, Tornados & Tropical storms-Caribbean Islands','A113','Supermarkets & Malls-Caribbean Islands',48000),
	('P160','Earthquake-Caribbean Islands','A113','Supermarkets & Malls-Caribbean Islands',48000),
	('P161','Thunderstorms, Tornados & Hail-Caribbean Islands','A113','Supermarkets & Malls-Caribbean Islands',48000),
	('P162','Thunderstorms, Tornados & Tropical storms-Caribbean Islands','A109','Property (Office Locations)-Caribbean Islands',36000),
	('P163','Earthquake-Caribbean Islands','A118','Aircrafts-Caribbean Islands',48000),
	('P164','Hurricane-Typhoon -Caribbean Islands','A118','Aircrafts-Caribbean Islands',48000),
	('P165','Thunderstorms, Tornados & Hail-Caribbean Islands','A118','Aircrafts-Caribbean Islands',48000),
	('P166','Hurricane-Typhoon -Caribbean Islands','A120','Fleets & Cars-Caribbean Islands',15000),
	('P167','Earthquake-Caribbean Islands','A120','Fleets & Cars-Caribbean Islands',15000),
	('P168','Fire-Caribbean Islands','A120','Fleets & Cars-Caribbean Islands',15000),
	('P169','Tropical Storm-Caribbean Islands','A120','Fleets & Cars-Caribbean Islands',15000),
	('P170','Earthquake-Texas','A124','Property (Office Locations)-Texas',108000),
	('P171','Thunderstorms, Tornados & Hail-Texas','A124','Property (Office Locations)-Texas',108000),
	('P172','Hurricane-Typhoon -Texas','A124','Property (Office Locations)-Texas',108000),
	('P173','Earthquake-Texas','A127','Hotels & Resorts-Texas',90000),
	('P174','Hurricane-Typhoon -Texas','A128','Supermarkets & Malls-Texas',24000),
	('P175','Thunderstorms, Tornados & Hail-Texas','A131','Oil Refineries-Texas',90000),
	('P176','Hurricane-Typhoon -Texas','A131','Oil Refineries-Texas',90000),
	('P177','Earthquake-Texas','A131','Oil Refineries-Texas',90000),
	('P178','Hurricane-Typhoon -Texas','A132','Telecom Towers-Texas',37500),
	('P179','Thunderstorms, Tornados & Hail-Texas','A132','Telecom Towers-Texas',37500),
	('P180','Hurricane-Typhoon -Texas','A133','Aircrafts-Texas',16000),
	('P181','Earthquake-Texas','A135','Fleets & Cars-Texas',15000),
	('P182','Hurricane-Typhoon -Texas','A135','Fleets & Cars-Texas',15000);
    
    select * from input_sheet_year2;
    
    drop table Input_Sheet_Year3;
    
   CREATE TABLE Input_Sheet_Year3 (
    Policy_Code VARCHAR(4),
    Policy_Desciption_Perils_covered VARCHAR(59),
    Asset VARCHAR(4),
    Asset_Name VARCHAR(45),
    Premium INT,
    Policy_Selection_Team_1 INT,
    Policy_Selection_Team_2 INT,
    primary key(Policy_Code)
);
INSERT INTO Input_Sheet_Year3(Policy_Code,Policy_Desciption_Perils_covered,Asset, Asset_Name, Premium) VALUES ('P1','Flood-Mumbai','A1','Heavy Machinery-Mumbai',18000),
	('P2','Earthquake-Mumbai','A1','Heavy Machinery-Mumbai',18000),
	('P3','Fire-Mumbai','A1','Heavy Machinery-Mumbai',18000),
	('P4','Typhoon-Mumbai','A1','Heavy Machinery-Mumbai',18000),
	('P5','Thunderstorms, Tornados & Hail-Mumbai','A1','Heavy Machinery-Mumbai',18000),
	('P6','Tsunami-Mumbai','A1','Heavy Machinery-Mumbai',18000),
	('P7','Flood-Mumbai','A2','Heat Exchanger-Mumbai',16000),
	('P8','Earthquake-Mumbai','A2','Heat Exchanger-Mumbai',16000),
	('P9','Fire-Mumbai','A2','Heat Exchanger-Mumbai',16000),
	('P10','Typhoon-Mumbai','A2','Heat Exchanger-Mumbai',16000),
	('P11','Thunderstorms, Tornados & Hail-Mumbai','A4','Property (Office Locations)-Mumbai',63000),
	('P12','Tsunami-Mumbai','A4','Property (Office Locations)-Mumbai',63000),
	('P13','Flood-Mumbai','A6','Warehouse & Cold Storage-Mumbai',32000),
	('P14','Earthquake-Mumbai','A6','Warehouse & Cold Storage-Mumbai',32000),
	('P15','Terror Attack-Mumbai','A4','Property (Office Locations)-Mumbai',63000),
	('P16','Typhoon-Mumbai','A6','Warehouse & Cold Storage-Mumbai',32000),
	('P17','Thunderstorms, Tornados & Hail-Mumbai','A6','Warehouse & Cold Storage-Mumbai',32000),
	('P18','Tsunami-Mumbai','A6','Warehouse & Cold Storage-Mumbai',32000),
	('P19','Flood-Mumbai','A7','Hotels & Resorts-Mumbai',72000),
	('P20','Earthquake-Mumbai','A8','Supermarkets & Malls-Mumbai',24000),
	('P21','Fire-Mumbai','A7','Hotels & Resorts-Mumbai',72000),
	('P22','Typhoon-Mumbai','A8','Supermarkets & Malls-Mumbai',24000),
	('P23','Thunderstorms, Tornados & Hail-Mumbai','A8','Supermarkets & Malls-Mumbai',24000),
	('P24','Tsunami-Mumbai','A8','Supermarkets & Malls-Mumbai',24000),
	('P25','Flood-Mumbai','A9','Mines-Mumbai',27000),
	('P26','Earthquake-Mumbai','A9','Mines-Mumbai',27000),
	('P27','Fire-Mumbai','A9','Mines-Mumbai',27000),
	('P28','Typhoon-Mumbai','A9','Mines-Mumbai',27000),
	('P29','Thunderstorms, Tornados & Hail-Mumbai','A9','Mines-Mumbai',27000),
	('P30','Tsunami-Mumbai','A9','Mines-Mumbai',27000),
	('P31','Flood-Mumbai','A10','Power Plants-Mumbai',32000),
	('P32','Earthquake-Mumbai','A10','Power Plants-Mumbai',32000),
	('P33','Fire-Mumbai','A10','Power Plants-Mumbai',32000),
	('P34','Terror Attack-Mumbai','A10','Power Plants-Mumbai',32000),
	('P35','Thunderstorms, Tornados & Hail-Mumbai','A10','Power Plants-Mumbai',32000),
	('P36','Tsunami-Mumbai','A10','Power Plants-Mumbai',32000),
	('P37','Flood-Mumbai','A11','Oil Refineries-Mumbai',90000),
	('P38','Earthquake-Mumbai','A11','Oil Refineries-Mumbai',90000),
	('P39','Fire-Mumbai','A11','Oil Refineries-Mumbai',90000),
	('P40','Typhoon-Mumbai','A11','Oil Refineries-Mumbai',90000),
	('P41','Thunderstorms, Tornados & Hail-Mumbai','A11','Oil Refineries-Mumbai',90000),
	('P42','Tsunami-Mumbai','A11','Oil Refineries-Mumbai',90000),
	('P43','Flood-Mumbai','A12','Telecom Towers-Mumbai',37500),
	('P44','Earthquake-Mumbai','A12','Telecom Towers-Mumbai',37500),
	('P45','Fire-Mumbai','A12','Telecom Towers-Mumbai',37500),
	('P46','Typhoon-Mumbai','A12','Telecom Towers-Mumbai',37500),
	('P47','Thunderstorms, Tornados & Hail-Mumbai','A12','Telecom Towers-Mumbai',37500),
	('P48','Tsunami-Mumbai','A12','Telecom Towers-Mumbai',37500),
	('P49','Flood-Mumbai','A13','Aircrafts-Mumbai',16000),
	('P50','Earthquake-Mumbai','A13','Aircrafts-Mumbai',16000),
	('P51','Fire-Mumbai','A13','Aircrafts-Mumbai',16000),
	('P52','Typhoon-Mumbai','A13','Aircrafts-Mumbai',16000),
	('P53','Thunderstorms, Tornados & Hail-Mumbai','A13','Aircrafts-Mumbai',16000),
	('P54','Tsunami-Mumbai','A13','Aircrafts-Mumbai',16000),
	('P55','Flood-Mumbai','A14','Ships & Cargo-Mumbai',24000),
	('P56','Earthquake-Mumbai','A14','Ships & Cargo-Mumbai',24000),
	('P57','Fire-Mumbai','A14','Ships & Cargo-Mumbai',24000),
	('P58','Typhoon-Mumbai','A14','Ships & Cargo-Mumbai',24000),
	('P59','Thunderstorms, Tornados & Hail-Mumbai','A14','Ships & Cargo-Mumbai',24000),
	('P60','Tsunami-Mumbai','A14','Ships & Cargo-Mumbai',24000),
	('P61','Flood-Mumbai','A15','Fleets & Cars-Mumbai',15000),
	('P62','Earthquake-Mumbai','A15','Fleets & Cars-Mumbai',15000),
	('P63','Fire-Mumbai','A15','Fleets & Cars-Mumbai',15000),
	('P64','Typhoon-Mumbai','A15','Fleets & Cars-Mumbai',15000),
	('P65','Thunderstorms, Tornados & Hail-Mumbai','A15','Fleets & Cars-Mumbai',15000),
	('P66','Tsunami-Mumbai','A15','Fleets & Cars-Mumbai',15000),
	('P67','Hurricane-Typhoon -Germany','A16','Heavy Machinery-Germany',27000),
	('P68','Earthquake-Germany','A16','Heavy Machinery-Germany',27000),
	('P69','Fire-Germany','A16','Heavy Machinery-Germany',27000),
	('P70','Thunderstorms, Tornados & Hail-Germany','A16','Heavy Machinery-Germany',27000),
	('P71','Hurricane-Typhoon -Germany','A19','Property (Office Locations)-Germany',45000),
	('P72','Earthquake-Germany','A19','Property (Office Locations)-Germany',45000),
	('P73','Fire-Germany','A19','Property (Office Locations)-Germany',45000),
	('P74','Thunderstorms, Tornados & Hail-Germany','A19','Property (Office Locations)-Germany',45000),
	('P75','Hurricane-Typhoon -Germany','A22','Hotels & Resorts-Germany',90000),
	('P76','Earthquake-Germany','A22','Hotels & Resorts-Germany',90000),
	('P77','Fire-Germany','A22','Hotels & Resorts-Germany',90000),
	('P78','Thunderstorms, Tornados & Hail-Germany','A22','Hotels & Resorts-Germany',90000),
	('P79','Hurricane-Typhoon -Germany','A23','Supermarkets & Malls-Germany',24000),
	('P80','Earthquake-Germany','A23','Supermarkets & Malls-Germany',24000),
	('P81','Fire-Germany','A23','Supermarkets & Malls-Germany',24000),
	('P82','Thunderstorms, Tornados & Hail-Germany','A23','Supermarkets & Malls-Germany',24000),
	('P83','Hurricane-Typhoon -Germany','A25','Power Plants-Germany',24000),
	('P84','Earthquake-Germany','A25','Power Plants-Germany',24000),
	('P85','Fire-Germany','A25','Power Plants-Germany',24000),
	('P86','Thunderstorms, Tornados & Hail-Germany','A25','Power Plants-Germany',24000),
	('P87','Hurricane-Typhoon -Germany','A28','Aircrafts-Germany',32000),
	('P88','Earthquake-Germany','A28','Aircrafts-Germany',32000),
	('P89','Fire-Germany','A28','Aircrafts-Germany',32000),
	('P90','Thunderstorms, Tornados & Hail-Germany','A28','Aircrafts-Germany',32000),
	('P91','Hurricane-Typhoon -Germany','A30','Fleets & Cars-Germany',15000),
	('P92','Earthquake-Germany','A30','Fleets & Cars-Germany',15000),
	('P93','Fire-Germany','A30','Fleets & Cars-Germany',15000),
	('P94','Thunderstorms, Tornados & Hail-Germany','A30','Fleets & Cars-Germany',15000),
	('P95','Hurricane-Typhoon -Manila','A34','Property (Office Locations)-Manila',36000),
	('P96','Earthquake-Manila','A34','Property (Office Locations)-Manila',36000),
	('P97','Fire-Manila','A34','Property (Office Locations)-Manila',36000),
	('P98','Earthquake-Manila','A33','Pipelines-Manila',36000),
	('P99','Fire-Manila','A33','Pipelines-Manila',36000),
	('P100','Hurricane-Typhoon -Manila','A36','Warehouse & Cold Storage-Manila',24000),
	('P101','Earthquake-Manila','A38','Supermarkets & Malls-Manila',40000),
	('P102','Fire-Manila','A40','Power Plants-Manila',24000),
	('P103','Hurricane-Typhoon -Manila','A43','Aircrafts-Manila',40000),
	('P104','Earthquake-Manila','A43','Aircrafts-Manila',40000),
	('P105','Fire-Manila','A43','Aircrafts-Manila',40000),
	('P106','Hurricane-Typhoon -Manila','A45','Fleets & Cars-Manila',22500),
	('P107','Thunderstorms, Tornados & Hail-San Francisco','A47','Heat Exchanger-San Francisco',48000),
	('P108','Hurricane-Typhoon -San Francisco','A47','Heat Exchanger-San Francisco',48000),
	('P109','Earthquake-San Francisco','A47','Heat Exchanger-San Francisco',48000),
	('P110','Thunderstorms, Tornados & Hail-San Francisco','A49','Property (Office Locations)-San Francisco',72000),
	('P111','Hurricane-Typhoon -San Francisco','A49','Property (Office Locations)-San Francisco',72000),
	('P112','Earthquake-San Francisco','A49','Property (Office Locations)-San Francisco',72000),
	('P113','Thunderstorms, Tornados & Hail-San Francisco','A53','Supermarkets & Malls-San Francisco',40000),
	('P114','Hurricane-Typhoon -San Francisco','A53','Supermarkets & Malls-San Francisco',40000),
	('P115','Earthquake-San Francisco','A53','Supermarkets & Malls-San Francisco',40000),
	('P116','Thunderstorms, Tornados & Hail-San Francisco','A54','Mines-San Francisco',27000),
	('P117','Hurricane-Typhoon -San Francisco','A55','Power Plants-San Francisco',40000),
	('P118','Earthquake-San Francisco','A60','Fleets & Cars-San Francisco',30000),
	('P119','Hurricane-Typhoon -San Francisco','A58','Aircrafts-San Francisco',16000),
	('P120','Thunderstorms, Tornados & Hail-Calgary','A64','Property (Office Locations)-Calgary',90000),
	('P121','Hurricane-Typhoon -Calgary','A64','Property (Office Locations)-Calgary',90000),
	('P122','Earthquake-Calgary','A64','Property (Office Locations)-Calgary',90000),
	('P123','Thunderstorms, Tornados & Hail-Calgary','A67','Hotels & Resorts-Calgary',99000),
	('P124','Hurricane-Typhoon -Calgary','A68','Supermarkets & Malls-Calgary',24000),
	('P125','Earthquake-Calgary','A69','Mines-Calgary',27000),
	('P126','Thunderstorms, Tornados & Hail-Calgary','A71','Oil Refineries-Calgary',90000),
	('P127','Hurricane-Typhoon -Calgary','A72','Telecom Towers-Calgary',37500),
	('P128','Earthquake-Calgary','A73','Aircrafts-Calgary',16000),
	('P129','Thunderstorms, Tornados & Hail-Calgary','A75','Fleets & Cars-Calgary',15000),
	('P130','Hurricane-Typhoon -Calgary','A67','Hotels & Resorts-Calgary',99000),
	('P131','Earthquake-Calgary','A68','Supermarkets & Malls-Calgary',24000),
	('P132','Hurricane-Typhoon -Calgary','A73','Aircrafts-Calgary',16000),
	('P133','Thunderstorms, Tornados & Tropical storms-Gulf of Mexico','A78','Pipelines-Gulf of Mexico',36000),
	('P134','Hurricane-Typhoon -Gulf of Mexico','A79','Property (Office Locations)-Gulf of Mexico',45000),
	('P135','Thunderstorms, Tornados & Tropical storms-Gulf of Mexico','A81','Warehouse & Cold Storage-Gulf of Mexico',16000),
	('P136','Thunderstorms, Tornados & Tropical storms-Gulf of Mexico','A83','Supermarkets & Malls-Gulf of Mexico',24000),
	('P137','Thunderstorms, Tornados & Tropical storms-Gulf of Mexico','A88','Aircrafts-Gulf of Mexico',40000),
	('P138','Earthquake-Gulf of Mexico','A90','Fleets & Cars-Gulf of Mexico',45000),
	('P139','Thunderstorms, Tornados & Hail-Tokyo','A93','Pipelines-Tokyo',36000),
	('P140','Hurricane-Typhoon -Tokyo','A93','Pipelines-Tokyo',36000),
	('P141','Earthquake-Tokyo','A93','Pipelines-Tokyo',36000),
	('P142','Thunderstorms, Tornados & Hail-Tokyo','A94','Property (Office Locations)-Tokyo',27000),
	('P143','Hurricane-Typhoon -Tokyo','A94','Property (Office Locations)-Tokyo',27000),
	('P144','Earthquake-Tokyo','A98','Supermarkets & Malls-Tokyo',24000),
	('P145','Thunderstorms, Tornados & Hail-Tokyo','A99','Mines-Tokyo',27000),
	('P146','Fire-Tokyo','A103','Aircrafts-Tokyo',16000),
	('P147','Earthquake-Tokyo','A103','Aircrafts-Tokyo',16000),
	('P148','Thunderstorms, Tornados & Hail-Tokyo','A105','Fleets & Cars-Tokyo',30000),
	('P149','Hurricane-Typhoon -Tokyo','A105','Fleets & Cars-Tokyo',30000),
	('P150','Earthquake-Tokyo','A105','Fleets & Cars-Tokyo',30000),
	('P151','Fire-Tokyo','A94','Property (Office Locations)-Tokyo',27000),
	('P152','Thunderstorms, Tornados & Hail-Tokyo','A98','Supermarkets & Malls-Tokyo',24000),
	('P153','Tropical Storm-Tokyo','A99','Mines-Tokyo',27000),
	('P154','Earthquake-Tokyo','A98','Supermarkets & Malls-Tokyo',24000),
	('P155','Fire-Tokyo','A99','Mines-Tokyo',27000),
	('P156','Fire-Tokyo','A98','Supermarkets & Malls-Tokyo',24000),
	('P157','Thunderstorms, Tornados & Tropical storms-Caribbean Islands','A109','Property (Office Locations)-Caribbean Islands',36000),
	('P158','Thunderstorms, Tornados & Tropical storms-Caribbean Islands','A109','Property (Office Locations)-Caribbean Islands',36000),
	('P159','Thunderstorms, Tornados & Tropical storms-Caribbean Islands','A113','Supermarkets & Malls-Caribbean Islands',48000),
	('P160','Earthquake-Caribbean Islands','A113','Supermarkets & Malls-Caribbean Islands',48000),
	('P161','Thunderstorms, Tornados & Hail-Caribbean Islands','A113','Supermarkets & Malls-Caribbean Islands',48000),
	('P162','Thunderstorms, Tornados & Tropical storms-Caribbean Islands','A109','Property (Office Locations)-Caribbean Islands',36000),
	('P163','Earthquake-Caribbean Islands','A118','Aircrafts-Caribbean Islands',48000),
	('P164','Hurricane-Typhoon -Caribbean Islands','A118','Aircrafts-Caribbean Islands',48000),
	('P165','Thunderstorms, Tornados & Hail-Caribbean Islands','A118','Aircrafts-Caribbean Islands',48000),
	('P166','Hurricane-Typhoon -Caribbean Islands','A120','Fleets & Cars-Caribbean Islands',15000),
	('P167','Earthquake-Caribbean Islands','A120','Fleets & Cars-Caribbean Islands',15000),
	('P168','Fire-Caribbean Islands','A120','Fleets & Cars-Caribbean Islands',15000),
	('P169','Tropical Storm-Caribbean Islands','A120','Fleets & Cars-Caribbean Islands',15000),
	('P170','Earthquake-Texas','A124','Property (Office Locations)-Texas',108000),
	('P171','Thunderstorms, Tornados & Hail-Texas','A124','Property (Office Locations)-Texas',108000),
	('P172','Hurricane-Typhoon -Texas','A124','Property (Office Locations)-Texas',108000),
	('P173','Earthquake-Texas','A127','Hotels & Resorts-Texas',90000),
	('P174','Hurricane-Typhoon -Texas','A128','Supermarkets & Malls-Texas',24000),
	('P175','Thunderstorms, Tornados & Hail-Texas','A131','Oil Refineries-Texas',90000),
	('P176','Hurricane-Typhoon -Texas','A131','Oil Refineries-Texas',90000),
	('P177','Earthquake-Texas','A131','Oil Refineries-Texas',90000),
	('P178','Hurricane-Typhoon -Texas','A132','Telecom Towers-Texas',37500),
	('P179','Thunderstorms, Tornados & Hail-Texas','A132','Telecom Towers-Texas',37500),
	('P180','Hurricane-Typhoon -Texas','A133','Aircrafts-Texas',16000),
	('P181','Earthquake-Texas','A135','Fleets & Cars-Texas',15000),
	('P182','Hurricane-Typhoon -Texas','A135','Fleets & Cars-Texas',15000);
    
    
    select * from input_sheet_year3;
    

    CREATE TABLE Year2_Results (
    Risk_Event VARCHAR(250),
    Peril VARCHAR(250),
    Asset VARCHAR(4),
    Results_Team1 int,
    Results_Team2 int
);
INSERT INTO Year2_Results(Risk_Event,Peril,Asset) VALUES ('High tide and high rainfalls leading to large floods-Mumbai','Flood-Mumbai','A1'),
	('Earthquake-Mumbai','Earthquake-Mumbai','A1'),
	('Fire-Mumbai','Fire-Mumbai','A1'),
	('Typhoon-Mumbai','Typhoon-Mumbai','A1'),
	('Thunderstorms, Tornados & Hail-Mumbai','Thunderstorms, Tornados & Hail-Mumbai','A1'),
	('Tsunami-Mumbai','Tsunami-Mumbai','A1'),
	('High tide and high rainfalls leading to large floods-Mumbai','Flood-Mumbai','A2'),
	('Earthquake-Mumbai','Earthquake-Mumbai','A2'),
	('Fire-Mumbai','Fire-Mumbai','A2'),
	('Typhoon-Mumbai','Typhoon-Mumbai','A2'),
	('Thunderstorms, Tornados & Hail-Mumbai','Thunderstorms, Tornados & Hail-Mumbai','A4'),
	('Tsunami-Mumbai','Tsunami-Mumbai','A4'),
	('High tide and high rainfalls leading to large floods-Mumbai','Flood-Mumbai','A6'),
	('Earthquake-Mumbai','Earthquake-Mumbai','A6'),
	('Terror Attack-Mumbai','Terror Attack-Mumbai','A4'),
	('Typhoon-Mumbai','Typhoon-Mumbai','A6'),
	('Thunderstorms, Tornados & Hail-Mumbai','Thunderstorms, Tornados & Hail-Mumbai','A6'),
	('Tsunami-Mumbai','Tsunami-Mumbai','A6'),
	('High tide and high rainfalls leading to large floods-Mumbai','Flood-Mumbai','A7'),
	('Earthquake-Mumbai','Earthquake-Mumbai','A8'),
	('Fire-Mumbai','Fire-Mumbai','A7'),
	('Typhoon-Mumbai','Typhoon-Mumbai','A8'),
	('Thunderstorms, Tornados & Hail-Mumbai','Thunderstorms, Tornados & Hail-Mumbai','A8'),
	('Tsunami-Mumbai','Tsunami-Mumbai','A8'),
	('High tide and high rainfalls leading to large floods-Mumbai','Flood-Mumbai','A9'),
	('Earthquake-Mumbai','Earthquake-Mumbai','A9'),
	('Fire-Mumbai','Fire-Mumbai','A9'),
	('Typhoon-Mumbai','Typhoon-Mumbai','A9'),
	('Thunderstorms, Tornados & Hail-Mumbai','Thunderstorms, Tornados & Hail-Mumbai','A9'),
	('Tsunami-Mumbai','Tsunami-Mumbai','A9'),
	('High tide and high rainfalls leading to large floods-Mumbai','Flood-Mumbai','A10'),
	('Earthquake-Mumbai','Earthquake-Mumbai','A10'),
	('Fire-Mumbai','Fire-Mumbai','A10'),
	('Terror Attack-Mumbai','Terror Attack-Mumbai','A10'),
	('Thunderstorms, Tornados & Hail-Mumbai','Thunderstorms, Tornados & Hail-Mumbai','A10'),
	('Tsunami-Mumbai','Tsunami-Mumbai','A10'),
	('High tide and high rainfalls leading to large floods-Mumbai','Flood-Mumbai','A11'),
	('Earthquake-Mumbai','Earthquake-Mumbai','A11'),
	('Fire-Mumbai','Fire-Mumbai','A11'),
	('Typhoon-Mumbai','Typhoon-Mumbai','A11'),
	('Thunderstorms, Tornados & Hail-Mumbai','Thunderstorms, Tornados & Hail-Mumbai','A11'),
	('Tsunami-Mumbai','Tsunami-Mumbai','A11'),
	('High tide and high rainfalls leading to large floods-Mumbai','Flood-Mumbai','A12'),
	('Earthquake-Mumbai','Earthquake-Mumbai','A12'),
	('Fire-Mumbai','Fire-Mumbai','A12'),
	('Typhoon-Mumbai','Typhoon-Mumbai','A12'),
	('Thunderstorms, Tornados & Hail-Mumbai','Thunderstorms, Tornados & Hail-Mumbai','A12'),
	('Tsunami-Mumbai','Tsunami-Mumbai','A12'),
	('High tide and high rainfalls leading to large floods-Mumbai','Flood-Mumbai','A13'),
	('Earthquake-Mumbai','Earthquake-Mumbai','A13'),
	('Fire-Mumbai','Fire-Mumbai','A13'),
	('Typhoon-Mumbai','Typhoon-Mumbai','A13'),
	('Thunderstorms, Tornados & Hail-Mumbai','Thunderstorms, Tornados & Hail-Mumbai','A13'),
	('Tsunami-Mumbai','Tsunami-Mumbai','A13'),
	('High tide and high rainfalls leading to large floods-Mumbai','Flood-Mumbai','A14'),
	('Earthquake-Mumbai','Earthquake-Mumbai','A14'),
	('Fire-Mumbai','Fire-Mumbai','A14'),
	('Typhoon-Mumbai','Typhoon-Mumbai','A14'),
	('Thunderstorms, Tornados & Hail-Mumbai','Thunderstorms, Tornados & Hail-Mumbai','A14'),
	('Tsunami-Mumbai','Tsunami-Mumbai','A14'),
	('High tide and high rainfalls leading to large floods-Mumbai','Flood-Mumbai','A15'),
	('Earthquake-Mumbai','Earthquake-Mumbai','A15'),
	('Fire-Mumbai','Fire-Mumbai','A15'),
	('Typhoon-Mumbai','Typhoon-Mumbai','A15'),
	('Thunderstorms, Tornados & Hail-Mumbai','Thunderstorms, Tornados & Hail-Mumbai','A15'),
	('Tsunami-Mumbai','Tsunami-Mumbai','A15'),
	('Hurricane-Typhoon -Germany','Hurricane-Typhoon -Germany','A16'),
	('Earthquake-Germany','Earthquake-Germany','A16'),
	('Fire-Germany','Fire-Germany','A16'),
	('Thunderstorms, Tornados & Hail-Germany','Thunderstorms, Tornados & Hail-Germany','A16'),
	('Hurricane-Typhoon -Germany','Hurricane-Typhoon -Germany','A19'),
	('Earthquake-Germany','Earthquake-Germany','A19'),
	('Fire-Germany','Fire-Germany','A19'),
	('Thunderstorms, Tornados & Hail-Germany','Thunderstorms, Tornados & Hail-Germany','A19'),
	('Hurricane-Typhoon -Germany','Hurricane-Typhoon -Germany','A22'),
	('Earthquake-Germany','Earthquake-Germany','A22'),
	('Fire-Germany','Fire-Germany','A22'),
	('Thunderstorms, Tornados & Hail-Germany','Thunderstorms, Tornados & Hail-Germany','A22'),
	('Hurricane-Typhoon -Germany','Hurricane-Typhoon -Germany','A23'),
	('Earthquake-Germany','Earthquake-Germany','A23'),
	('Fire-Germany','Fire-Germany','A23'),
	('Thunderstorms, Tornados & Hail-Germany','Thunderstorms, Tornados & Hail-Germany','A23'),
	('Hurricane-Typhoon -Germany','Hurricane-Typhoon -Germany','A25'),
	('Earthquake-Germany','Earthquake-Germany','A25'),
	('Fire-Germany','Fire-Germany','A25'),
	('Thunderstorms, Tornados & Hail-Germany','Thunderstorms, Tornados & Hail-Germany','A25'),
	('Hurricane-Typhoon -Germany','Hurricane-Typhoon -Germany','A28'),
	('Earthquake-Germany','Earthquake-Germany','A28'),
	('Fire-Germany','Fire-Germany','A28'),
	('Thunderstorms, Tornados & Hail-Germany','Thunderstorms, Tornados & Hail-Germany','A28'),
	('Hurricane-Typhoon -Germany','Hurricane-Typhoon -Germany','A30'),
	('Earthquake-Germany','Earthquake-Germany','A30'),
	('Fire-Germany','Fire-Germany','A30'),
	('Thunderstorms, Tornados & Hail-Germany','Thunderstorms, Tornados & Hail-Germany','A30'),
	('Extremely Dangerous Super Typhoon Haiyan (Yolanda) to Strike the Philippines -Manila','Hurricane-Typhoon -Manila','A34'),
	('Earthquake-Manila','Earthquake-Manila','A34'),
	('Fire-Manila','Fire-Manila','A34'),
	('Earthquake-Manila','Earthquake-Manila','A33'),
	('Fire-Manila','Fire-Manila','A33'),
	('Typhoon Nari (Santi) -Manila','Hurricane-Typhoon -Manila','A36'),
	('Earthquake-Manila','Earthquake-Manila','A38'),
	('Fire-Manila','Fire-Manila','A40'),
	('Typhoon Utor (Labuyo)-Manila','Hurricane-Typhoon -Manila','A43'),
	('Earthquake-Manila','Earthquake-Manila','A43'),
	('Fire-Manila','Fire-Manila','A43'),
	('Super Typhoon Usagi-Manila','Hurricane-Typhoon -Manila','A45'),
	('Thunderstorms, Tornados & Hail-San Francisco','Thunderstorms, Tornados & Hail-San Francisco','A47'),
	('Hurricane-Typhoon -San Francisco','Hurricane-Typhoon -San Francisco','A47'),
	('Earthquake-San Francisco','Earthquake-San Francisco','A47'),
	('Thunderstorms, Tornados & Hail-San Francisco','Thunderstorms, Tornados & Hail-San Francisco','A49'),
	('Hurricane-Typhoon -San Francisco','Hurricane-Typhoon -San Francisco','A49'),
	('Earthquake-San Francisco','Earthquake-San Francisco','A49'),
	('Thunderstorms, Tornados & Hail-San Francisco','Thunderstorms, Tornados & Hail-San Francisco','A53'),
	('Hurricane-Typhoon -San Francisco','Hurricane-Typhoon -San Francisco','A53'),
	('Earthquake-San Francisco','Earthquake-San Francisco','A53'),
	('Thunderstorms, Tornados & Hail-San Francisco','Thunderstorms, Tornados & Hail-San Francisco','A54'),
	('Hurricane-Typhoon -San Francisco','Hurricane-Typhoon -San Francisco','A55'),
	('Earthquake-San Francisco','Earthquake-San Francisco','A60'),
	('Hurricane-Typhoon -San Francisco','Hurricane-Typhoon -San Francisco','A58'),
	('Thunderstorms, Tornados & Hail-Calgary','Thunderstorms, Tornados & Hail-Calgary','A64'),
	('Hurricane-Typhoon -Calgary','Hurricane-Typhoon -Calgary','A64'),
	('Earthquake-Calgary','Earthquake-Calgary','A64'),
	('Thunderstorms, Tornados & Hail-Calgary','Thunderstorms, Tornados & Hail-Calgary','A67'),
	('Hurricane-Typhoon -Calgary','Hurricane-Typhoon -Calgary','A68'),
	('Earthquake-Calgary','Earthquake-Calgary','A69'),
	('Thunderstorms, Tornados & Hail-Calgary','Thunderstorms, Tornados & Hail-Calgary','A71'),
	('Hurricane-Typhoon -Calgary','Hurricane-Typhoon -Calgary','A72'),
	('Earthquake-Calgary','Earthquake-Calgary','A73'),
	('Thunderstorms, Tornados & Hail-Calgary','Thunderstorms, Tornados & Hail-Calgary','A75'),
	('Hurricane-Typhoon -Calgary','Hurricane-Typhoon -Calgary','A67'),
	('Earthquake-Calgary','Earthquake-Calgary','A68'),
	('Hurricane-Typhoon -Calgary','Hurricane-Typhoon -Calgary','A73'),
	('Tropical Storm Manuel-Gulf of Mexico','Thunderstorms, Tornados & Tropical storms-Gulf of Mexico','A78'),
	('Hurricane Ingrid-Gulf of Mexico','Hurricane-Typhoon -Gulf of Mexico','A79'),
	('Tropical Storm Lorena-Gulf of Mexico','Thunderstorms, Tornados & Tropical storms-Gulf of Mexico','A81'),
	('Tropical Storm Kong-Rey-Gulf of Mexico','Thunderstorms, Tornados & Tropical storms-Gulf of Mexico','A83'),
	('Tropical Storm Fernand-Gulf of Mexico','Thunderstorms, Tornados & Tropical storms-Gulf of Mexico','A88'),
	('Earthquake-Gulf of Mexico','Earthquake-Gulf of Mexico','A90'),
	('Thunderstorms, Tornados & Hail-Tokyo','Thunderstorms, Tornados & Hail-Tokyo','A93'),
	('Hurricane-Typhoon -Tokyo','Hurricane-Typhoon -Tokyo','A93'),
	('Earthquake-Tokyo','Earthquake-Tokyo','A93'),
	('Thunderstorms, Tornados & Hail-Tokyo','Thunderstorms, Tornados & Hail-Tokyo','A94'),
	('Hurricane-Typhoon -Tokyo','Hurricane-Typhoon -Tokyo','A94'),
	('Earthquake-Tokyo','Earthquake-Tokyo','A98'),
	('Thunderstorms, Tornados & Hail-Tokyo','Thunderstorms, Tornados & Hail-Tokyo','A99'),
	('Fire-Tokyo','Fire-Tokyo','A103'),
	('Earthquake-Tokyo','Earthquake-Tokyo','A103'),
	('Thunderstorms, Tornados & Hail-Tokyo','Thunderstorms, Tornados & Hail-Tokyo','A105'),
	('Hurricane-Typhoon -Tokyo','Hurricane-Typhoon -Tokyo','A105'),
	('Earthquake-Tokyo','Earthquake-Tokyo','A105'),
	('Fire-Tokyo','Fire-Tokyo','A94'),
	('Thunderstorms, Tornados & Hail-Tokyo','Thunderstorms, Tornados & Hail-Tokyo','A98'),
	('Tropical Storm Danas-Tokyo','Tropical Storm-Tokyo','A99'),
	('Earthquake-Tokyo','Earthquake-Tokyo','A98'),
	('Fire-Tokyo','Fire-Tokyo','A99'),
	('Fire-Tokyo','Fire-Tokyo','A98'),
	('Tropical Storm Chantal-Caribbean Islands','Thunderstorms, Tornados & Tropical storms-Caribbean Islands','A109'),
	('Tropical Storm Gabrielle-Caribbean Islands','Thunderstorms, Tornados & Tropical storms-Caribbean Islands','A109'),
	('Typhoon Wutip (Paolo)-Caribbean Islands','Thunderstorms, Tornados & Tropical storms-Caribbean Islands','A113'),
	('Earthquake-Caribbean Islands','Earthquake-Caribbean Islands','A113'),
	('Thunderstorms, Tornados & Hail-Caribbean Islands','Thunderstorms, Tornados & Hail-Caribbean Islands','A113'),
	('Tropical Storm Humberto-Caribbean Islands','Thunderstorms, Tornados & Tropical storms-Caribbean Islands','A109'),
	('Earthquake-Caribbean Islands','Earthquake-Caribbean Islands','A118'),
	('Hurricane-Typhoon -Caribbean Islands','Hurricane-Typhoon -Caribbean Islands','A118'),
	('Thunderstorms, Tornados & Hail-Caribbean Islands','Thunderstorms, Tornados & Hail-Caribbean Islands','A118'),
	('Hurricane-Typhoon -Caribbean Islands','Hurricane-Typhoon -Caribbean Islands','A120'),
	('Earthquake-Caribbean Islands','Earthquake-Caribbean Islands','A120'),
	('Fire-Caribbean Islands','Fire-Caribbean Islands','A120'),
	('Tropical Storm Chantal-Caribbean Islands','Tropical Storm-Caribbean Islands','A120'),
	('Earthquake-Texas','Earthquake-Texas','A124'),
	('Thunderstorms, Tornados & Hail-Texas','Thunderstorms, Tornados & Hail-Texas','A124'),
	('Hurricane-Typhoon -Texas','Hurricane-Typhoon -Texas','A124'),
	('Earthquake-Texas','Earthquake-Texas','A127'),
	('Hurricane-Typhoon -Texas','Hurricane-Typhoon -Texas','A128'),
	('Thunderstorms, Tornados & Hail-Texas','Thunderstorms, Tornados & Hail-Texas','A131'),
	('Hurricane-Typhoon -Texas','Hurricane-Typhoon -Texas','A131'),
	('Earthquake-Texas','Earthquake-Texas','A131'),
	('Hurricane-Typhoon -Texas','Hurricane-Typhoon -Texas','A132'),
	('Thunderstorms, Tornados & Hail-Texas','Thunderstorms, Tornados & Hail-Texas','A132'),
	('Hurricane-Typhoon -Texas','Hurricane-Typhoon -Texas','A133'),
	('Earthquake-Texas','Earthquake-Texas','A135'),
	('Hurricane-Typhoon -Texas','Hurricane-Typhoon -Texas','A135');
    
 select * from year2_results;   
    
    CREATE TABLE Year3_Results (
    Risk_Event VARCHAR(250),
    Peril VARCHAR(250),
    Asset VARCHAR(4),
    Results_Team1 int,
    Results_Team2 int
);
INSERT INTO Year3_Results(Risk_Event,Peril,Asset) VALUES ('High tide and high rainfalls leading to large floods-Mumbai','Flood-Mumbai','A1'),
	('Earthquake-Mumbai','Earthquake-Mumbai','A1'),
	('Fire-Mumbai','Fire-Mumbai','A1'),
	('Typhoon-Mumbai','Typhoon-Mumbai','A1'),
	('Thunderstorms, Tornados & Hail-Mumbai','Thunderstorms, Tornados & Hail-Mumbai','A1'),
	('Tsunami-Mumbai','Tsunami-Mumbai','A1'),
	('High tide and high rainfalls leading to large floods-Mumbai','Flood-Mumbai','A2'),
	('Earthquake-Mumbai','Earthquake-Mumbai','A2'),
	('Fire-Mumbai','Fire-Mumbai','A2'),
	('Typhoon-Mumbai','Typhoon-Mumbai','A2'),
	('Thunderstorms, Tornados & Hail-Mumbai','Thunderstorms, Tornados & Hail-Mumbai','A4'),
	('Tsunami-Mumbai','Tsunami-Mumbai','A4'),
	('High tide and high rainfalls leading to large floods-Mumbai','Flood-Mumbai','A6'),
	('Earthquake-Mumbai','Earthquake-Mumbai','A6'),
	('Terror Attack-Mumbai','Terror Attack-Mumbai','A4'),
	('Typhoon-Mumbai','Typhoon-Mumbai','A6'),
	('Thunderstorms, Tornados & Hail-Mumbai','Thunderstorms, Tornados & Hail-Mumbai','A6'),
	('Tsunami-Mumbai','Tsunami-Mumbai','A6'),
	('High tide and high rainfalls leading to large floods-Mumbai','Flood-Mumbai','A7'),
	('Earthquake-Mumbai','Earthquake-Mumbai','A8'),
	('Fire-Mumbai','Fire-Mumbai','A7'),
	('Typhoon-Mumbai','Typhoon-Mumbai','A8'),
	('Thunderstorms, Tornados & Hail-Mumbai','Thunderstorms, Tornados & Hail-Mumbai','A8'),
	('Tsunami-Mumbai','Tsunami-Mumbai','A8'),
	('High tide and high rainfalls leading to large floods-Mumbai','Flood-Mumbai','A9'),
	('Earthquake-Mumbai','Earthquake-Mumbai','A9'),
	('Fire-Mumbai','Fire-Mumbai','A9'),
	('Typhoon-Mumbai','Typhoon-Mumbai','A9'),
	('Thunderstorms, Tornados & Hail-Mumbai','Thunderstorms, Tornados & Hail-Mumbai','A9'),
	('Tsunami-Mumbai','Tsunami-Mumbai','A9'),
	('High tide and high rainfalls leading to large floods-Mumbai','Flood-Mumbai','A10'),
	('Earthquake-Mumbai','Earthquake-Mumbai','A10'),
	('Fire-Mumbai','Fire-Mumbai','A10'),
	('Terror Attack-Mumbai','Terror Attack-Mumbai','A10'),
	('Thunderstorms, Tornados & Hail-Mumbai','Thunderstorms, Tornados & Hail-Mumbai','A10'),
	('Tsunami-Mumbai','Tsunami-Mumbai','A10'),
	('High tide and high rainfalls leading to large floods-Mumbai','Flood-Mumbai','A11'),
	('Earthquake-Mumbai','Earthquake-Mumbai','A11'),
	('Fire-Mumbai','Fire-Mumbai','A11'),
	('Typhoon-Mumbai','Typhoon-Mumbai','A11'),
	('Thunderstorms, Tornados & Hail-Mumbai','Thunderstorms, Tornados & Hail-Mumbai','A11'),
	('Tsunami-Mumbai','Tsunami-Mumbai','A11'),
	('High tide and high rainfalls leading to large floods-Mumbai','Flood-Mumbai','A12'),
	('Earthquake-Mumbai','Earthquake-Mumbai','A12'),
	('Fire-Mumbai','Fire-Mumbai','A12'),
	('Typhoon-Mumbai','Typhoon-Mumbai','A12'),
	('Thunderstorms, Tornados & Hail-Mumbai','Thunderstorms, Tornados & Hail-Mumbai','A12'),
	('Tsunami-Mumbai','Tsunami-Mumbai','A12'),
	('High tide and high rainfalls leading to large floods-Mumbai','Flood-Mumbai','A13'),
	('Earthquake-Mumbai','Earthquake-Mumbai','A13'),
	('Fire-Mumbai','Fire-Mumbai','A13'),
	('Typhoon-Mumbai','Typhoon-Mumbai','A13'),
	('Thunderstorms, Tornados & Hail-Mumbai','Thunderstorms, Tornados & Hail-Mumbai','A13'),
	('Tsunami-Mumbai','Tsunami-Mumbai','A13'),
	('High tide and high rainfalls leading to large floods-Mumbai','Flood-Mumbai','A14'),
	('Earthquake-Mumbai','Earthquake-Mumbai','A14'),
	('Fire-Mumbai','Fire-Mumbai','A14'),
	('Typhoon-Mumbai','Typhoon-Mumbai','A14'),
	('Thunderstorms, Tornados & Hail-Mumbai','Thunderstorms, Tornados & Hail-Mumbai','A14'),
	('Tsunami-Mumbai','Tsunami-Mumbai','A14'),
	('High tide and high rainfalls leading to large floods-Mumbai','Flood-Mumbai','A15'),
	('Earthquake-Mumbai','Earthquake-Mumbai','A15'),
	('Fire-Mumbai','Fire-Mumbai','A15'),
	('Typhoon-Mumbai','Typhoon-Mumbai','A15'),
	('Thunderstorms, Tornados & Hail-Mumbai','Thunderstorms, Tornados & Hail-Mumbai','A15'),
	('Tsunami-Mumbai','Tsunami-Mumbai','A15'),
	('Hurricane-Typhoon -Germany','Hurricane-Typhoon -Germany','A16'),
	('Earthquake-Germany','Earthquake-Germany','A16'),
	('Fire-Germany','Fire-Germany','A16'),
	('Thunderstorms, Tornados & Hail-Germany','Thunderstorms, Tornados & Hail-Germany','A16'),
	('Hurricane-Typhoon -Germany','Hurricane-Typhoon -Germany','A19'),
	('Earthquake-Germany','Earthquake-Germany','A19'),
	('Fire-Germany','Fire-Germany','A19'),
	('Thunderstorms, Tornados & Hail-Germany','Thunderstorms, Tornados & Hail-Germany','A19'),
	('Hurricane-Typhoon -Germany','Hurricane-Typhoon -Germany','A22'),
	('Earthquake-Germany','Earthquake-Germany','A22'),
	('Fire-Germany','Fire-Germany','A22'),
	('Thunderstorms, Tornados & Hail-Germany','Thunderstorms, Tornados & Hail-Germany','A22'),
	('Hurricane-Typhoon -Germany','Hurricane-Typhoon -Germany','A23'),
	('Earthquake-Germany','Earthquake-Germany','A23'),
	('Fire-Germany','Fire-Germany','A23'),
	('Thunderstorms, Tornados & Hail-Germany','Thunderstorms, Tornados & Hail-Germany','A23'),
	('Hurricane-Typhoon -Germany','Hurricane-Typhoon -Germany','A25'),
	('Earthquake-Germany','Earthquake-Germany','A25'),
	('Fire-Germany','Fire-Germany','A25'),
	('Thunderstorms, Tornados & Hail-Germany','Thunderstorms, Tornados & Hail-Germany','A25'),
	('Hurricane-Typhoon -Germany','Hurricane-Typhoon -Germany','A28'),
	('Earthquake-Germany','Earthquake-Germany','A28'),
	('Fire-Germany','Fire-Germany','A28'),
	('Thunderstorms, Tornados & Hail-Germany','Thunderstorms, Tornados & Hail-Germany','A28'),
	('Hurricane-Typhoon -Germany','Hurricane-Typhoon -Germany','A30'),
	('Earthquake-Germany','Earthquake-Germany','A30'),
	('Fire-Germany','Fire-Germany','A30'),
	('Thunderstorms, Tornados & Hail-Germany','Thunderstorms, Tornados & Hail-Germany','A30'),
	('Extremely Dangerous Super Typhoon Haiyan (Yolanda) to Strike the Philippines -Manila','Hurricane-Typhoon -Manila','A34'),
	('Earthquake-Manila','Earthquake-Manila','A34'),
	('Fire-Manila','Fire-Manila','A34'),
	('Earthquake-Manila','Earthquake-Manila','A33'),
	('Fire-Manila','Fire-Manila','A33'),
	('Typhoon Nari (Santi) -Manila','Hurricane-Typhoon -Manila','A36'),
	('Earthquake-Manila','Earthquake-Manila','A38'),
	('Fire-Manila','Fire-Manila','A40'),
	('Typhoon Utor (Labuyo)-Manila','Hurricane-Typhoon -Manila','A43'),
	('Earthquake-Manila','Earthquake-Manila','A43'),
	('Fire-Manila','Fire-Manila','A43'),
	('Super Typhoon Usagi-Manila','Hurricane-Typhoon -Manila','A45'),
	('Thunderstorms, Tornados & Hail-San Francisco','Thunderstorms, Tornados & Hail-San Francisco','A47'),
	('Hurricane-Typhoon -San Francisco','Hurricane-Typhoon -San Francisco','A47'),
	('Earthquake-San Francisco','Earthquake-San Francisco','A47'),
	('Thunderstorms, Tornados & Hail-San Francisco','Thunderstorms, Tornados & Hail-San Francisco','A49'),
	('Hurricane-Typhoon -San Francisco','Hurricane-Typhoon -San Francisco','A49'),
	('Earthquake-San Francisco','Earthquake-San Francisco','A49'),
	('Thunderstorms, Tornados & Hail-San Francisco','Thunderstorms, Tornados & Hail-San Francisco','A53'),
	('Hurricane-Typhoon -San Francisco','Hurricane-Typhoon -San Francisco','A53'),
	('Earthquake-San Francisco','Earthquake-San Francisco','A53'),
	('Thunderstorms, Tornados & Hail-San Francisco','Thunderstorms, Tornados & Hail-San Francisco','A54'),
	('Hurricane-Typhoon -San Francisco','Hurricane-Typhoon -San Francisco','A55'),
	('Earthquake-San Francisco','Earthquake-San Francisco','A60'),
	('Hurricane-Typhoon -San Francisco','Hurricane-Typhoon -San Francisco','A58'),
	('Thunderstorms, Tornados & Hail-Calgary','Thunderstorms, Tornados & Hail-Calgary','A64'),
	('Hurricane-Typhoon -Calgary','Hurricane-Typhoon -Calgary','A64'),
	('Earthquake-Calgary','Earthquake-Calgary','A64'),
	('Thunderstorms, Tornados & Hail-Calgary','Thunderstorms, Tornados & Hail-Calgary','A67'),
	('Hurricane-Typhoon -Calgary','Hurricane-Typhoon -Calgary','A68'),
	('Earthquake-Calgary','Earthquake-Calgary','A69'),
	('Thunderstorms, Tornados & Hail-Calgary','Thunderstorms, Tornados & Hail-Calgary','A71'),
	('Hurricane-Typhoon -Calgary','Hurricane-Typhoon -Calgary','A72'),
	('Earthquake-Calgary','Earthquake-Calgary','A73'),
	('Thunderstorms, Tornados & Hail-Calgary','Thunderstorms, Tornados & Hail-Calgary','A75'),
	('Hurricane-Typhoon -Calgary','Hurricane-Typhoon -Calgary','A67'),
	('Earthquake-Calgary','Earthquake-Calgary','A68'),
	('Hurricane-Typhoon -Calgary','Hurricane-Typhoon -Calgary','A73'),
	('Tropical Storm Manuel-Gulf of Mexico','Thunderstorms, Tornados & Tropical storms-Gulf of Mexico','A78'),
	('Hurricane Ingrid-Gulf of Mexico','Hurricane-Typhoon -Gulf of Mexico','A79'),
	('Tropical Storm Lorena-Gulf of Mexico','Thunderstorms, Tornados & Tropical storms-Gulf of Mexico','A81'),
	('Tropical Storm Kong-Rey-Gulf of Mexico','Thunderstorms, Tornados & Tropical storms-Gulf of Mexico','A83'),
	('Tropical Storm Fernand-Gulf of Mexico','Thunderstorms, Tornados & Tropical storms-Gulf of Mexico','A88'),
	('Earthquake-Gulf of Mexico','Earthquake-Gulf of Mexico','A90'),
	('Thunderstorms, Tornados & Hail-Tokyo','Thunderstorms, Tornados & Hail-Tokyo','A93'),
	('Hurricane-Typhoon -Tokyo','Hurricane-Typhoon -Tokyo','A93'),
	('Earthquake-Tokyo','Earthquake-Tokyo','A93'),
	('Thunderstorms, Tornados & Hail-Tokyo','Thunderstorms, Tornados & Hail-Tokyo','A94'),
	('Hurricane-Typhoon -Tokyo','Hurricane-Typhoon -Tokyo','A94'),
	('Earthquake-Tokyo','Earthquake-Tokyo','A98'),
	('Thunderstorms, Tornados & Hail-Tokyo','Thunderstorms, Tornados & Hail-Tokyo','A99'),
	('Fire-Tokyo','Fire-Tokyo','A103'),
	('Earthquake-Tokyo','Earthquake-Tokyo','A103'),
	('Thunderstorms, Tornados & Hail-Tokyo','Thunderstorms, Tornados & Hail-Tokyo','A105'),
	('Hurricane-Typhoon -Tokyo','Hurricane-Typhoon -Tokyo','A105'),
	('Earthquake-Tokyo','Earthquake-Tokyo','A105'),
	('Fire-Tokyo','Fire-Tokyo','A94'),
	('Thunderstorms, Tornados & Hail-Tokyo','Thunderstorms, Tornados & Hail-Tokyo','A98'),
	('Tropical Storm Danas-Tokyo','Tropical Storm-Tokyo','A99'),
	('Earthquake-Tokyo','Earthquake-Tokyo','A98'),
	('Fire-Tokyo','Fire-Tokyo','A99'),
	('Fire-Tokyo','Fire-Tokyo','A98'),
	('Tropical Storm Chantal-Caribbean Islands','Thunderstorms, Tornados & Tropical storms-Caribbean Islands','A109'),
	('Tropical Storm Gabrielle-Caribbean Islands','Thunderstorms, Tornados & Tropical storms-Caribbean Islands','A109'),
	('Typhoon Wutip (Paolo)-Caribbean Islands','Thunderstorms, Tornados & Tropical storms-Caribbean Islands','A113'),
	('Earthquake-Caribbean Islands','Earthquake-Caribbean Islands','A113'),
	('Thunderstorms, Tornados & Hail-Caribbean Islands','Thunderstorms, Tornados & Hail-Caribbean Islands','A113'),
	('Tropical Storm Humberto-Caribbean Islands','Thunderstorms, Tornados & Tropical storms-Caribbean Islands','A109'),
	('Earthquake-Caribbean Islands','Earthquake-Caribbean Islands','A118'),
	('Hurricane-Typhoon -Caribbean Islands','Hurricane-Typhoon -Caribbean Islands','A118'),
	('Thunderstorms, Tornados & Hail-Caribbean Islands','Thunderstorms, Tornados & Hail-Caribbean Islands','A118'),
	('Hurricane-Typhoon -Caribbean Islands','Hurricane-Typhoon -Caribbean Islands','A120'),
	('Earthquake-Caribbean Islands','Earthquake-Caribbean Islands','A120'),
	('Fire-Caribbean Islands','Fire-Caribbean Islands','A120'),
	('Tropical Storm Chantal-Caribbean Islands','Tropical Storm-Caribbean Islands','A120'),
	('Earthquake-Texas','Earthquake-Texas','A124'),
	('Thunderstorms, Tornados & Hail-Texas','Thunderstorms, Tornados & Hail-Texas','A124'),
	('Hurricane-Typhoon -Texas','Hurricane-Typhoon -Texas','A124'),
	('Earthquake-Texas','Earthquake-Texas','A127'),
	('Hurricane-Typhoon -Texas','Hurricane-Typhoon -Texas','A128'),
	('Thunderstorms, Tornados & Hail-Texas','Thunderstorms, Tornados & Hail-Texas','A131'),
	('Hurricane-Typhoon -Texas','Hurricane-Typhoon -Texas','A131'),
	('Earthquake-Texas','Earthquake-Texas','A131'),
	('Hurricane-Typhoon -Texas','Hurricane-Typhoon -Texas','A132'),
	('Thunderstorms, Tornados & Hail-Texas','Thunderstorms, Tornados & Hail-Texas','A132'),
	('Hurricane-Typhoon -Texas','Hurricane-Typhoon -Texas','A133'),
	('Earthquake-Texas','Earthquake-Texas','A135'),
	('Hurricane-Typhoon -Texas','Hurricane-Typhoon -Texas','A135');
    
    select * from year3_results;
    
    CREATE TABLE EventTrigger (
    Risk_Event VARCHAR(250),
    Peril VARCHAR(250),
    Asset VARCHAR(4),
    Round_1 INT,
    Round_2 INT,
    Round_3 INT
);
INSERT INTO EventTrigger(Risk_Event,Peril,Asset) VALUES ('High tide and high rainfalls leading to large floods-Mumbai','Flood-Mumbai','A1'),
	('Earthquake-Mumbai','Earthquake-Mumbai','A1'),
	('Fire-Mumbai','Fire-Mumbai','A1'),
	('Typhoon-Mumbai','Typhoon-Mumbai','A1'),
	('Thunderstorms, Tornados & Hail-Mumbai','Thunderstorms, Tornados & Hail-Mumbai','A1'),
	('Tsunami-Mumbai','Tsunami-Mumbai','A1'),
	('High tide and high rainfalls leading to large floods-Mumbai','Flood-Mumbai','A2'),
	('Earthquake-Mumbai','Earthquake-Mumbai','A2'),
	('Fire-Mumbai','Fire-Mumbai','A2'),
	('Typhoon-Mumbai','Typhoon-Mumbai','A2'),
	('Thunderstorms, Tornados & Hail-Mumbai','Thunderstorms, Tornados & Hail-Mumbai','A4'),
	('Tsunami-Mumbai','Tsunami-Mumbai','A4'),
	('High tide and high rainfalls leading to large floods-Mumbai','Flood-Mumbai','A6'),
	('Earthquake-Mumbai','Earthquake-Mumbai','A6'),
	('Terror Attack-Mumbai','Terror Attack-Mumbai','A4'),
	('Typhoon-Mumbai','Typhoon-Mumbai','A6'),
	('Thunderstorms, Tornados & Hail-Mumbai','Thunderstorms, Tornados & Hail-Mumbai','A6'),
	('Tsunami-Mumbai','Tsunami-Mumbai','A6'),
	('High tide and high rainfalls leading to large floods-Mumbai','Flood-Mumbai','A7'),
	('Earthquake-Mumbai','Earthquake-Mumbai','A8'),
	('Fire-Mumbai','Fire-Mumbai','A7'),
	('Typhoon-Mumbai','Typhoon-Mumbai','A8'),
	('Thunderstorms, Tornados & Hail-Mumbai','Thunderstorms, Tornados & Hail-Mumbai','A8'),
	('Tsunami-Mumbai','Tsunami-Mumbai','A8'),
	('High tide and high rainfalls leading to large floods-Mumbai','Flood-Mumbai','A9'),
	('Earthquake-Mumbai','Earthquake-Mumbai','A9'),
	('Fire-Mumbai','Fire-Mumbai','A9'),
	('Typhoon-Mumbai','Typhoon-Mumbai','A9'),
	('Thunderstorms, Tornados & Hail-Mumbai','Thunderstorms, Tornados & Hail-Mumbai','A9'),
	('Tsunami-Mumbai','Tsunami-Mumbai','A9'),
	('High tide and high rainfalls leading to large floods-Mumbai','Flood-Mumbai','A10'),
	('Earthquake-Mumbai','Earthquake-Mumbai','A10'),
	('Fire-Mumbai','Fire-Mumbai','A10'),
	('Terror Attack-Mumbai','Terror Attack-Mumbai','A10'),
	('Thunderstorms, Tornados & Hail-Mumbai','Thunderstorms, Tornados & Hail-Mumbai','A10'),
	('Tsunami-Mumbai','Tsunami-Mumbai','A10'),
	('High tide and high rainfalls leading to large floods-Mumbai','Flood-Mumbai','A11'),
	('Earthquake-Mumbai','Earthquake-Mumbai','A11'),
	('Fire-Mumbai','Fire-Mumbai','A11'),
	('Typhoon-Mumbai','Typhoon-Mumbai','A11'),
	('Thunderstorms, Tornados & Hail-Mumbai','Thunderstorms, Tornados & Hail-Mumbai','A11'),
	('Tsunami-Mumbai','Tsunami-Mumbai','A11'),
	('High tide and high rainfalls leading to large floods-Mumbai','Flood-Mumbai','A12'),
	('Earthquake-Mumbai','Earthquake-Mumbai','A12'),
	('Fire-Mumbai','Fire-Mumbai','A12'),
	('Typhoon-Mumbai','Typhoon-Mumbai','A12'),
	('Thunderstorms, Tornados & Hail-Mumbai','Thunderstorms, Tornados & Hail-Mumbai','A12'),
	('Tsunami-Mumbai','Tsunami-Mumbai','A12'),
	('High tide and high rainfalls leading to large floods-Mumbai','Flood-Mumbai','A13'),
	('Earthquake-Mumbai','Earthquake-Mumbai','A13'),
	('Fire-Mumbai','Fire-Mumbai','A13'),
	('Typhoon-Mumbai','Typhoon-Mumbai','A13'),
	('Thunderstorms, Tornados & Hail-Mumbai','Thunderstorms, Tornados & Hail-Mumbai','A13'),
	('Tsunami-Mumbai','Tsunami-Mumbai','A13'),
	('High tide and high rainfalls leading to large floods-Mumbai','Flood-Mumbai','A14'),
	('Earthquake-Mumbai','Earthquake-Mumbai','A14'),
	('Fire-Mumbai','Fire-Mumbai','A14'),
	('Typhoon-Mumbai','Typhoon-Mumbai','A14'),
	('Thunderstorms, Tornados & Hail-Mumbai','Thunderstorms, Tornados & Hail-Mumbai','A14'),
	('Tsunami-Mumbai','Tsunami-Mumbai','A14'),
	('High tide and high rainfalls leading to large floods-Mumbai','Flood-Mumbai','A15'),
	('Earthquake-Mumbai','Earthquake-Mumbai','A15'),
	('Fire-Mumbai','Fire-Mumbai','A15'),
	('Typhoon-Mumbai','Typhoon-Mumbai','A15'),
	('Thunderstorms, Tornados & Hail-Mumbai','Thunderstorms, Tornados & Hail-Mumbai','A15'),
	('Tsunami-Mumbai','Tsunami-Mumbai','A15'),
	('Hurricane-Typhoon -Germany','Hurricane-Typhoon -Germany','A16'),
	('Earthquake-Germany','Earthquake-Germany','A16'),
	('Fire-Germany','Fire-Germany','A16'),
	('Thunderstorms, Tornados & Hail-Germany','Thunderstorms, Tornados & Hail-Germany','A16'),
	('Hurricane-Typhoon -Germany','Hurricane-Typhoon -Germany','A19'),
	('Earthquake-Germany','Earthquake-Germany','A19'),
	('Fire-Germany','Fire-Germany','A19'),
	('Thunderstorms, Tornados & Hail-Germany','Thunderstorms, Tornados & Hail-Germany','A19'),
	('Hurricane-Typhoon -Germany','Hurricane-Typhoon -Germany','A22'),
	('Earthquake-Germany','Earthquake-Germany','A22'),
	('Fire-Germany','Fire-Germany','A22'),
	('Thunderstorms, Tornados & Hail-Germany','Thunderstorms, Tornados & Hail-Germany','A22'),
	('Hurricane-Typhoon -Germany','Hurricane-Typhoon -Germany','A23'),
	('Earthquake-Germany','Earthquake-Germany','A23'),
	('Fire-Germany','Fire-Germany','A23'),
	('Thunderstorms, Tornados & Hail-Germany','Thunderstorms, Tornados & Hail-Germany','A23'),
	('Hurricane-Typhoon -Germany','Hurricane-Typhoon -Germany','A25'),
	('Earthquake-Germany','Earthquake-Germany','A25'),
	('Fire-Germany','Fire-Germany','A25'),
	('Thunderstorms, Tornados & Hail-Germany','Thunderstorms, Tornados & Hail-Germany','A25'),
	('Hurricane-Typhoon -Germany','Hurricane-Typhoon -Germany','A28'),
	('Earthquake-Germany','Earthquake-Germany','A28'),
	('Fire-Germany','Fire-Germany','A28'),
	('Thunderstorms, Tornados & Hail-Germany','Thunderstorms, Tornados & Hail-Germany','A28'),
	('Hurricane-Typhoon -Germany','Hurricane-Typhoon -Germany','A30'),
	('Earthquake-Germany','Earthquake-Germany','A30'),
	('Fire-Germany','Fire-Germany','A30'),
	('Thunderstorms, Tornados & Hail-Germany','Thunderstorms, Tornados & Hail-Germany','A30'),
	('Extremely Dangerous Super Typhoon Haiyan (Yolanda) to Strike the Philippines -Manila','Hurricane-Typhoon -Manila','A34'),
	('Earthquake-Manila','Earthquake-Manila','A34'),
	('Fire-Manila','Fire-Manila','A34'),
	('Earthquake-Manila','Earthquake-Manila','A33'),
	('Fire-Manila','Fire-Manila','A33'),
	('Typhoon Nari (Santi) -Manila','Hurricane-Typhoon -Manila','A36'),
	('Earthquake-Manila','Earthquake-Manila','A38'),
	('Fire-Manila','Fire-Manila','A40'),
	('Typhoon Utor (Labuyo)-Manila','Hurricane-Typhoon -Manila','A43'),
	('Earthquake-Manila','Earthquake-Manila','A43'),
	('Fire-Manila','Fire-Manila','A43'),
	('Super Typhoon Usagi-Manila','Hurricane-Typhoon -Manila','A45'),
	('Thunderstorms, Tornados & Hail-San Francisco','Thunderstorms, Tornados & Hail-San Francisco','A47'),
	('Hurricane-Typhoon -San Francisco','Hurricane-Typhoon -San Francisco','A47'),
	('Earthquake-San Francisco','Earthquake-San Francisco','A47'),
	('Thunderstorms, Tornados & Hail-San Francisco','Thunderstorms, Tornados & Hail-San Francisco','A49'),
	('Hurricane-Typhoon -San Francisco','Hurricane-Typhoon -San Francisco','A49'),
	('Earthquake-San Francisco','Earthquake-San Francisco','A49'),
	('Thunderstorms, Tornados & Hail-San Francisco','Thunderstorms, Tornados & Hail-San Francisco','A53'),
	('Hurricane-Typhoon -San Francisco','Hurricane-Typhoon -San Francisco','A53'),
	('Earthquake-San Francisco','Earthquake-San Francisco','A53'),
	('Thunderstorms, Tornados & Hail-San Francisco','Thunderstorms, Tornados & Hail-San Francisco','A54'),
	('Hurricane-Typhoon -San Francisco','Hurricane-Typhoon -San Francisco','A55'),
	('Earthquake-San Francisco','Earthquake-San Francisco','A60'),
	('Hurricane-Typhoon -San Francisco','Hurricane-Typhoon -San Francisco','A58'),
	('Thunderstorms, Tornados & Hail-Calgary','Thunderstorms, Tornados & Hail-Calgary','A64'),
	('Hurricane-Typhoon -Calgary','Hurricane-Typhoon -Calgary','A64'),
	('Earthquake-Calgary','Earthquake-Calgary','A64'),
	('Thunderstorms, Tornados & Hail-Calgary','Thunderstorms, Tornados & Hail-Calgary','A67'),
	('Hurricane-Typhoon -Calgary','Hurricane-Typhoon -Calgary','A68'),
	('Earthquake-Calgary','Earthquake-Calgary','A69'),
	('Thunderstorms, Tornados & Hail-Calgary','Thunderstorms, Tornados & Hail-Calgary','A71'),
	('Hurricane-Typhoon -Calgary','Hurricane-Typhoon -Calgary','A72'),
	('Earthquake-Calgary','Earthquake-Calgary','A73'),
	('Thunderstorms, Tornados & Hail-Calgary','Thunderstorms, Tornados & Hail-Calgary','A75'),
	('Hurricane-Typhoon -Calgary','Hurricane-Typhoon -Calgary','A67'),
	('Earthquake-Calgary','Earthquake-Calgary','A68'),
	('Hurricane-Typhoon -Calgary','Hurricane-Typhoon -Calgary','A73'),
	('Tropical Storm Manuel-Gulf of Mexico','Thunderstorms, Tornados & Tropical storms-Gulf of Mexico','A78'),
	('Hurricane Ingrid-Gulf of Mexico','Hurricane-Typhoon -Gulf of Mexico','A79'),
	('Tropical Storm Lorena-Gulf of Mexico','Thunderstorms, Tornados & Tropical storms-Gulf of Mexico','A81'),
	('Tropical Storm Kong-Rey-Gulf of Mexico','Thunderstorms, Tornados & Tropical storms-Gulf of Mexico','A83'),
	('Tropical Storm Fernand-Gulf of Mexico','Thunderstorms, Tornados & Tropical storms-Gulf of Mexico','A88'),
	('Earthquake-Gulf of Mexico','Earthquake-Gulf of Mexico','A90'),
	('Thunderstorms, Tornados & Hail-Tokyo','Thunderstorms, Tornados & Hail-Tokyo','A93'),
	('Hurricane-Typhoon -Tokyo','Hurricane-Typhoon -Tokyo','A93'),
	('Earthquake-Tokyo','Earthquake-Tokyo','A93'),
	('Thunderstorms, Tornados & Hail-Tokyo','Thunderstorms, Tornados & Hail-Tokyo','A94'),
	('Hurricane-Typhoon -Tokyo','Hurricane-Typhoon -Tokyo','A94'),
	('Earthquake-Tokyo','Earthquake-Tokyo','A98'),
	('Thunderstorms, Tornados & Hail-Tokyo','Thunderstorms, Tornados & Hail-Tokyo','A99'),
	('Fire-Tokyo','Fire-Tokyo','A103'),
	('Earthquake-Tokyo','Earthquake-Tokyo','A103'),
	('Thunderstorms, Tornados & Hail-Tokyo','Thunderstorms, Tornados & Hail-Tokyo','A105'),
	('Hurricane-Typhoon -Tokyo','Hurricane-Typhoon -Tokyo','A105'),
	('Earthquake-Tokyo','Earthquake-Tokyo','A105'),
	('Fire-Tokyo','Fire-Tokyo','A94'),
	('Thunderstorms, Tornados & Hail-Tokyo','Thunderstorms, Tornados & Hail-Tokyo','A98'),
	('Tropical Storm Danas-Tokyo','Tropical Storm-Tokyo','A99'),
	('Earthquake-Tokyo','Earthquake-Tokyo','A98'),
	('Fire-Tokyo','Fire-Tokyo','A99'),
	('Fire-Tokyo','Fire-Tokyo','A98'),
	('Tropical Storm Chantal-Caribbean Islands','Thunderstorms, Tornados & Tropical storms-Caribbean Islands','A109'),
	('Tropical Storm Gabrielle-Caribbean Islands','Thunderstorms, Tornados & Tropical storms-Caribbean Islands','A109'),
	('Typhoon Wutip (Paolo)-Caribbean Islands','Thunderstorms, Tornados & Tropical storms-Caribbean Islands','A113'),
	('Earthquake-Caribbean Islands','Earthquake-Caribbean Islands','A113'),
	('Thunderstorms, Tornados & Hail-Caribbean Islands','Thunderstorms, Tornados & Hail-Caribbean Islands','A113'),
	('Tropical Storm Humberto-Caribbean Islands','Thunderstorms, Tornados & Tropical storms-Caribbean Islands','A109'),
	('Earthquake-Caribbean Islands','Earthquake-Caribbean Islands','A118'),
	('Hurricane-Typhoon -Caribbean Islands','Hurricane-Typhoon -Caribbean Islands','A118'),
	('Thunderstorms, Tornados & Hail-Caribbean Islands','Thunderstorms, Tornados & Hail-Caribbean Islands','A118'),
	('Hurricane-Typhoon -Caribbean Islands','Hurricane-Typhoon -Caribbean Islands','A120'),
	('Earthquake-Caribbean Islands','Earthquake-Caribbean Islands','A120'),
	('Fire-Caribbean Islands','Fire-Caribbean Islands','A120'),
	('Tropical Storm Chantal-Caribbean Islands','Tropical Storm-Caribbean Islands','A120'),
	('Earthquake-Texas','Earthquake-Texas','A124'),
	('Thunderstorms, Tornados & Hail-Texas','Thunderstorms, Tornados & Hail-Texas','A124'),
	('Hurricane-Typhoon -Texas','Hurricane-Typhoon -Texas','A124'),
	('Earthquake-Texas','Earthquake-Texas','A127'),
	('Hurricane-Typhoon -Texas','Hurricane-Typhoon -Texas','A128'),
	('Thunderstorms, Tornados & Hail-Texas','Thunderstorms, Tornados & Hail-Texas','A131'),
	('Hurricane-Typhoon -Texas','Hurricane-Typhoon -Texas','A131'),
	('Earthquake-Texas','Earthquake-Texas','A131'),
	('Hurricane-Typhoon -Texas','Hurricane-Typhoon -Texas','A132'),
	('Thunderstorms, Tornados & Hail-Texas','Thunderstorms, Tornados & Hail-Texas','A132'),
	('Hurricane-Typhoon -Texas','Hurricane-Typhoon -Texas','A133'),
	('Earthquake-Texas','Earthquake-Texas','A135'),
	('Hurricane-Typhoon -Texas','Hurricane-Typhoon -Texas','A135');
    
    
    create table Leaderboard(
    Team_Name varchar(250),
    Asset_Value int,
    primary key(Team_Name)
    );
    
    select * from leaderboard;
    
    
    create table Balance(
    Team_Name varchar(250),
    bal int,
    primary key(Team_Name)
    );
    
    
    delimiter //
    create procedure new_team(in t_name varchar(250))
    begin
    insert into Balance(Team_Name,bal) values(t_name,5000000);
    insert into leaderboard(Team_Name) values(t_name);
    END//
    
    delimiter ;
    
    delimiter //
    create procedure leader_order()
    begin
    select * from leaderboard order by bal desc;
    END//
    
    delimiter ;
    
    
	delimiter //
    create procedure end_game()
    begin
    update leaderboard set leaderboard.Asset_Value=Balance.bal where leaderboard.Team_Name=balance.t_name;
    update input_sheet_year1 set Policy_Selection_Team_1=NULL and Policy_Selection_Team_2=NULL;
    update input_sheet_year2 set Policy_Selection_Team_1=NULL and Policy_Selection_Team_2=NULL;
    update input_sheet_year3 set Policy_Selection_Team_1=NULL and Policy_Selection_Team_2=NULL;
    update year1_results set Results_Team1=NULL and Results_Team2=NULL;
    update year2_results set Results_Team1=NULL and Results_Team2=NULL;
    update year3_results set Results_Team1=NULL and Results_Team2=NULL;
    END//
    
    delimiter ;
    
delimiter //   
create procedure choose_policy_year1_team1(in p_code varchar(4))
begin
update input_sheet_year1 set Policy_Selection_Team_1=1 where Policy_Code=p_code;
END//
delimiter ;

delimiter //   
create procedure choose_policy_year2_team1(in p_code varchar(4))
begin
update input_sheet_year2 set Policy_Selection_Team_1=1 where Policy_Code=p_code;
END//
delimiter ;

delimiter //   
create procedure choose_policy_year3_team1(in p_code varchar(4))
begin
update input_sheet_year3 set Policy_Selection_Team_1=1 where Policy_Code=p_code;
END//
delimiter ;


delimiter //   
create procedure choose_policy_year1_team2(in p_code varchar(4))
begin
update input_sheet_year1 set Policy_Selection_Team_2=1 where Policy_Code=p_code;
END//
delimiter ;
 
 delimiter //
create procedure choose_policy_year2_team2(in p_code varchar(4))
begin
update input_sheet_year2 set Policy_Selection_Team_2=1 where Policy_Code=p_code;
END//
delimiter ;


 delimiter //
create procedure choose_policy_year3_team2(in p_code varchar(4))
begin
update input_sheet_year3 set Policy_Selection_Team_2=1 where Policy_Code=p_code;
END//
delimiter ;


delimiter //
create procedure update_balance_team1(in t_name varchar(250))
begin
declare year1_bal int;
declare year2_bal int;
declare year3_bal int;
select sum(Premium) from input_sheet_year1 where Policy_Selection_Team_1=1 into year1_bal;
select sum(Premium) from input_sheet_year2 where Policy_Selection_Team_1=1 into year2_bal;
select sum(Premium) from input_sheet_year3 where Policy_Selection_Team_1=1 into year3_bal;
update balance set bal=bal-(year1_bal+year2_bal+year3_bal) where Team_Name=t_name;
END//
delimiter ;



delimiter //
create procedure update_balance_team2(in t_name varchar(250))
begin
declare year1_bal int;
declare year2_bal int;
declare year3_bal int;
select sum(Premium) from input_sheet_year1 where Policy_Selection_Team_2=1 into year1_bal;
select sum(Premium) from input_sheet_year2 where Policy_Selection_Team_2=1 into year2_bal;
select sum(Premium) from input_sheet_year3 where Policy_Selection_Team_2=1 into year3_bal;
update balance set bal=bal-(year1_bal+year2_bal+year3_bal) where Team_Name=t_name;
END//
delimiter ;


delimiter //
create trigger no_balance after insert on balance
for each row
begin
if new.bal<=0 then
call end_game();
end if;
END//
delimiter ;

delimiter //
create procedure event_year_1()
begin
declare p_event varchar(250);
select Policy_Description_Perils_covered from perilsheet order by rand() limit 1 into p_event;
update eventtrigger set Round_1=1 where Peril=p_event;
END//
delimiter ;

delimiter //
create procedure event_year_2()
begin
declare p_event varchar(250);
select Policy_Description_Perils_covered from perilsheet order by rand() limit 1 into p_event;
update eventtrigger set Round_2=1 where Peril=p_event;
END//
delimiter ;

delimiter //
create procedure event_year_3()
begin
declare p_event varchar(250);
select Policy_Description_Perils_covered from perilsheet order by rand() limit 1 into p_event;
update eventtrigger set Round_3=1 where Peril=p_event;
END//
delimiter ;

delimiter //
create procedure loss_year1_team1(in t_name varchar(250))
begin
declare p_code varchar(4);
declare loss int;
select sum(r.Risk_Loss_yr_1) from riskmaster r natural join perilsheet p natural join eventtrigger e natural join input_sheet_year1 i where e.Round_1=1 and i.Policy_Selection_Team_1=NULL into loss;
update balance set bal=bal+loss where Team_Name=t_name;
END//
delimiter ;

delimiter //
create procedure loss_year1_team2(in t_name varchar(250))
begin
declare p_code varchar(4);
declare loss int;
select sum(r.Risk_Loss_yr_1) from riskmaster r natural join perilsheet p natural join eventtrigger e natural join input_sheet_year1 i where e.Round_1=1 and i.Policy_Selection_Team_2=NULL into loss;
update balance set bal=bal+loss where Team_Name=t_name;
END//
delimiter ;


delimiter //
create procedure loss_year2_team1(in t_name varchar(250))
begin
declare p_code varchar(4);
declare loss int;
select sum(r.Risk_Loss_yr_2) from riskmaster r natural join perilsheet p natural join eventtrigger e natural join input_sheet_year2 i where e.Round_2=1 and i.Policy_Selection_Team_1=NULL into loss;
update balance set bal=bal+loss where Team_Name=t_name;
END//
delimiter ;

delimiter //
create procedure loss_year2_team2(in t_name varchar(250))
begin
declare p_code varchar(4);
declare loss int;
select sum(r.Risk_Loss_yr_2) from riskmaster r natural join perilsheet p natural join eventtrigger e natural join input_sheet_year2 i where e.Round_2=1 and i.Policy_Selection_Team_2=NULL into loss;
update balance set bal=bal+loss where Team_Name=t_name;
END//
delimiter ;

delimiter //
create procedure loss_year3_team1(in t_name varchar(250))
begin
declare p_code varchar(4);
declare loss int;
select sum(r.Risk_Loss_yr_3) from riskmaster r natural join perilsheet p natural join eventtrigger e natural join input_sheet_year3 i where e.Round_3=1 and i.Policy_Selection_Team_1=NULL into loss;
update balance set bal=bal+loss where Team_Name=t_name;
END//
delimiter ;


delimiter //
create procedure loss_year3_team2(in t_name varchar(250))
begin
declare p_code varchar(4);
declare loss int;
select sum(r.Risk_Loss_yr_3) from riskmaster r natural join perilsheet p natural join eventtrigger e natural join input_sheet_year3 i where e.Round_3=1 and i.Policy_Selection_Team_2=NULL into loss;
update balance set bal=bal+loss where Team_Name=t_name;
END//
delimiter ;







select * from perilsheet;
select * from eventtrigger;
select * from riskmaster;

select * from input_sheet_year1;

select * from year1_results;

select * from balance;

    
    
    